Age,BusinessTravel,Education,JobLevel,MonthlyIncome,OverTime,PercentSalaryHike,OutstandingPerformanceRating,TotalWorkingYears,TrainingTimesLastYear,WorkLifeBalance,YearsAtCompany,YearsInCurrentRole,YearsSinceLastPromotion,YearsWithCurrManager,Department:HumanResources,Department:ResearchAndDevelopment,Department:Sales,JobRole:HealthcareRepresentative,JobRole:HumanResources,JobRole:LaboratoryTechnician,JobRole:Manager,JobRole:ManufacturingDirector,JobRole:ResearchDirector,JobRole:ResearchScientist,JobRole:SalesExecutive,JobRole:SalesRepresentative,Attrition
41,1,2,2,5993,1,11,0,8,0,1,6,4,0,5,0,0,1,0,0,0,0,0,0,0,1,0,1
49,2,1,2,5130,0,23,1,10,3,3,10,7,1,7,0,1,0,0,0,0,0,0,0,1,0,0,0
37,1,2,1,2090,1,15,0,7,3,3,0,0,0,0,0,1,0,0,0,1,0,0,0,0,0,0,1
33,2,4,1,2909,1,11,0,8,3,3,8,7,3,0,0,1,0,0,0,0,0,0,0,1,0,0,0
27,1,1,1,3468,0,12,0,6,3,3,2,2,2,2,0,1,0,0,0,1,0,0,0,0,0,0,0
32,2,2,1,3068,0,13,0,8,2,2,7,7,3,6,0,1,0,0,0,1,0,0,0,0,0,0,0
59,1,3,1,2670,1,20,1,12,3,2,1,0,0,0,0,1,0,0,0,1,0,0,0,0,0,0,0
30,1,1,1,2693,0,22,1,1,2,3,1,0,0,0,0,1,0,0,0,1,0,0,0,0,0,0,0
38,2,3,3,9526,0,21,1,10,2,3,9,7,1,8,0,1,0,0,0,0,0,1,0,0,0,0,0
36,1,3,2,5237,0,13,0,17,3,2,7,7,7,7,0,1,0,1,0,0,0,0,0,0,0,0,0
35,1,3,1,2426,0,13,0,6,5,3,5,4,0,3,0,1,0,0,0,1,0,0,0,0,0,0,0
29,1,2,2,4193,1,12,0,10,3,3,9,5,0,8,0,1,0,0,0,1,0,0,0,0,0,0,0
31,1,1,1,2911,0,17,0,5,1,2,5,2,4,3,0,1,0,0,0,0,0,0,0,1,0,0,0
34,1,2,1,2661,0,11,0,3,2,3,2,2,1,2,0,1,0,0,0,1,0,0,0,0,0,0,0
28,1,3,1,2028,1,14,0,6,4,3,4,2,0,3,0,1,0,0,0,1,0,0,0,0,0,0,1
29,1,4,3,9980,0,11,0,10,1,3,10,9,8,8,0,1,0,0,0,0,0,1,0,0,0,0,0
32,1,2,1,3298,1,12,0,7,5,2,6,2,0,5,0,1,0,0,0,0,0,0,0,1,0,0,0
22,0,2,1,2935,1,13,0,1,2,2,1,0,0,0,0,1,0,0,0,1,0,0,0,0,0,0,0
53,1,4,4,15427,0,16,0,31,3,3,25,8,3,7,0,0,1,0,0,0,1,0,0,0,0,0,0
38,1,3,1,3944,1,11,0,6,3,3,3,2,1,2,0,1,0,0,0,0,0,0,0,1,0,0,0
24,0,2,2,4011,0,18,0,5,5,2,4,2,1,3,0,1,0,0,0,0,0,1,0,0,0,0,0
36,1,4,1,3407,0,23,1,10,4,3,5,3,0,3,0,0,1,0,0,0,0,0,0,0,0,1,1
34,1,4,3,11994,0,11,0,13,4,3,12,6,2,11,0,1,0,0,0,0,0,0,1,0,0,0,0
21,1,2,1,1232,0,14,0,0,6,3,0,0,0,0,0,1,0,0,0,0,0,0,0,1,0,0,0
34,1,1,1,2960,0,11,0,8,2,3,4,2,1,3,0,1,0,0,0,0,0,0,0,1,0,0,1
53,1,3,5,19094,0,11,0,26,3,2,14,13,4,8,0,1,0,0,0,0,1,0,0,0,0,0,0
32,2,1,1,3919,1,22,1,10,5,3,10,2,6,7,0,1,0,0,0,0,0,0,0,1,0,0,1
42,1,4,2,6825,0,11,0,10,2,3,9,7,4,2,0,0,1,0,0,0,0,0,0,0,1,0,0
44,1,4,3,10248,0,14,0,24,4,3,22,6,5,17,0,1,0,1,0,0,0,0,0,0,0,0,0
46,1,4,5,18947,0,12,0,22,2,2,2,2,2,1,0,0,1,0,0,0,1,0,0,0,0,0,0
33,1,3,1,2496,0,11,0,7,3,3,1,1,0,0,0,1,0,0,0,1,0,0,0,0,0,0,0
44,1,4,2,6465,1,13,0,9,5,4,4,2,1,3,0,1,0,1,0,0,0,0,0,0,0,0,0
30,1,2,1,2206,0,13,0,10,5,3,10,0,1,8,0,1,0,0,0,1,0,0,0,0,0,0,0
39,1,3,2,2086,0,14,0,19,6,4,1,0,0,0,0,0,1,0,0,0,0,0,0,0,0,1,1
24,1,3,1,2293,1,16,0,6,2,2,2,0,2,0,0,1,0,0,0,0,0,0,0,1,0,0,1
43,1,2,1,2645,0,12,0,6,3,2,5,3,1,4,0,1,0,0,0,0,0,0,0,1,0,0,0
50,1,2,1,2683,1,14,0,3,2,3,3,2,0,2,0,0,1,0,0,0,0,0,0,0,0,1,1
35,1,3,1,2014,0,13,0,2,3,3,2,2,2,2,0,0,1,0,0,0,0,0,0,0,0,1,0
36,1,4,1,3419,1,14,0,6,3,4,1,1,0,0,0,1,0,0,0,0,0,0,0,1,0,0,0
33,2,3,2,5376,0,19,0,10,3,3,5,3,1,3,0,0,1,0,0,0,0,0,0,0,1,0,0
35,1,2,1,1951,0,12,0,1,3,3,1,0,0,0,0,1,0,0,0,1,0,0,0,0,0,0,0
27,1,4,1,2341,0,13,0,1,6,3,1,0,0,0,0,1,0,0,0,1,0,0,0,0,0,0,0
26,1,3,1,2293,0,12,0,1,2,2,1,0,0,1,0,1,0,0,0,1,0,0,0,0,0,0,1
27,2,3,3,8726,0,15,0,9,0,3,9,8,1,7,0,0,1,0,0,0,0,0,0,0,1,0,0
30,2,2,2,4011,0,23,1,12,2,3,12,8,3,7,0,1,0,0,0,1,0,0,0,0,0,0,0
41,1,3,5,19545,0,12,0,23,0,3,22,15,15,8,0,1,0,0,0,0,0,0,1,0,0,0,1
34,0,4,2,4568,0,20,1,10,2,3,9,5,8,7,0,0,1,0,0,0,0,0,0,0,1,0,0
37,1,2,1,3022,0,21,1,8,1,3,1,0,0,0,0,1,0,0,0,0,0,0,0,1,0,0,0
46,2,4,2,5772,1,21,1,14,4,3,9,6,0,8,0,0,1,0,0,0,0,0,0,0,1,0,0
35,1,1,1,2269,0,19,0,1,2,3,1,0,0,1,0,1,0,0,0,1,0,0,0,0,0,0,0
48,1,2,3,5381,1,13,0,23,2,3,1,0,0,0,0,1,0,0,0,1,0,0,0,0,0,0,1
28,1,4,1,3441,1,13,0,2,3,2,2,2,2,2,0,1,0,0,0,1,0,0,0,0,0,0,1
44,1,5,2,5454,1,21,1,9,2,2,4,3,1,3,0,0,1,0,0,0,0,0,0,0,1,0,0
35,0,2,3,9884,1,13,0,10,3,3,4,0,2,3,0,1,0,1,0,0,0,0,0,0,0,0,0
26,1,3,2,4157,1,19,0,5,2,2,2,2,0,0,0,0,1,0,0,0,0,0,0,0,1,0,0
33,2,2,3,13458,1,12,0,15,1,3,15,14,8,12,0,1,0,0,0,0,0,0,1,0,0,0,0
35,2,5,3,9069,0,22,1,9,3,2,9,8,1,8,0,0,1,0,0,0,0,0,0,0,1,0,0
35,1,4,1,4014,1,15,0,4,3,3,2,2,2,2,0,1,0,0,0,1,0,0,0,0,0,0,0
31,1,4,2,5915,0,22,1,10,3,2,7,7,1,7,0,1,0,0,0,1,0,0,0,0,0,0,0
37,1,4,2,5993,0,18,0,7,2,4,7,5,0,7,0,1,0,0,0,0,0,1,0,0,0,0,0
32,1,3,2,6162,1,22,1,9,3,3,9,8,7,8,0,1,0,0,0,0,0,1,0,0,0,0,0
38,2,5,2,2406,0,11,0,10,2,3,10,3,9,9,0,1,0,0,0,1,0,0,0,0,0,0,0
50,1,2,5,18740,1,12,0,29,2,2,27,3,13,8,0,1,0,0,0,0,0,0,1,0,0,0,0
59,1,3,3,7637,0,11,0,28,3,2,21,16,7,9,0,0,1,0,0,0,0,0,0,0,1,0,0
36,1,3,3,10096,0,13,0,17,2,3,17,14,12,8,0,1,0,1,0,0,0,0,0,0,0,0,0
55,1,3,4,14756,1,14,0,21,2,3,5,0,0,2,0,1,0,0,0,0,1,0,0,0,0,0,0
36,2,3,2,6499,0,13,0,6,3,3,6,5,0,3,0,1,0,0,0,0,0,1,0,0,0,0,0
45,1,3,3,9724,0,17,0,25,2,3,1,0,0,0,0,1,0,0,0,0,0,0,0,1,0,0,0
35,2,3,1,2194,0,13,0,5,2,2,3,2,1,2,0,1,0,0,0,0,0,0,0,1,0,0,0
36,1,3,1,3388,1,17,0,2,0,2,1,0,0,0,0,1,0,0,0,0,0,0,0,1,0,0,1
59,2,1,2,5473,0,11,0,20,2,2,4,3,1,3,0,0,1,0,0,0,0,0,0,0,1,0,0
29,1,3,1,2703,0,23,1,6,3,3,5,4,0,4,0,1,0,0,0,0,0,0,0,1,0,0,0
31,1,4,1,2501,0,17,0,1,4,3,1,1,1,0,0,1,0,0,0,0,0,0,0,1,0,0,0
32,1,3,2,6220,0,17,0,10,3,3,10,4,0,9,0,1,0,0,0,0,0,0,0,1,0,0,0
36,1,3,1,3038,0,12,0,5,3,3,1,0,0,0,0,1,0,0,0,1,0,0,0,0,0,0,0
31,1,4,2,4424,0,23,1,11,2,3,11,7,1,8,0,1,0,0,0,0,0,1,0,0,0,0,0
35,1,4,2,4312,0,14,0,16,2,3,15,13,2,8,0,0,1,0,0,0,0,0,0,0,1,0,0
45,1,4,3,13245,1,14,0,17,3,4,0,0,0,0,0,1,0,0,0,0,0,0,1,0,0,0,0
37,1,4,3,13664,0,13,0,16,3,4,5,2,0,2,0,1,0,0,0,0,0,0,1,0,0,0,0
46,1,2,2,5021,1,22,1,16,2,3,4,2,0,2,1,0,0,0,1,0,0,0,0,0,0,0,0
30,1,1,2,5126,1,12,0,10,1,2,10,8,3,0,0,1,0,0,0,1,0,0,0,0,0,0,0
35,1,3,1,2859,0,18,0,6,3,3,6,4,0,4,0,1,0,0,0,0,0,0,0,1,0,0,0
55,1,2,3,10239,0,14,0,24,4,3,1,0,1,0,0,0,1,0,0,0,0,0,0,0,1,0,0
38,0,3,2,5329,1,12,0,17,3,3,13,11,1,9,0,1,0,0,0,0,0,0,0,1,0,0,0
34,1,2,2,4325,0,15,0,5,2,3,5,2,1,3,0,1,0,0,0,0,0,1,0,0,0,0,0
56,1,3,3,7260,0,11,0,37,3,2,6,4,0,2,0,1,0,0,0,0,0,1,0,0,0,0,0
23,1,1,1,2322,0,13,0,3,3,3,0,0,0,0,0,0,1,0,0,0,0,0,0,0,0,1,0
51,1,4,1,2075,0,23,1,10,4,3,4,2,0,3,0,1,0,0,0,1,0,0,0,0,0,0,0
30,1,3,2,4152,0,19,0,11,3,3,11,10,10,8,0,1,0,1,0,0,0,0,0,0,0,0,0
46,1,2,3,9619,0,16,0,9,3,3,9,8,4,7,0,0,1,0,0,0,0,0,0,0,1,0,1
40,2,4,4,13503,0,22,1,22,3,2,22,3,11,11,0,1,0,1,0,0,0,0,0,0,0,0,0
51,1,4,2,5441,1,22,1,11,2,1,10,7,1,0,0,0,1,0,0,0,0,0,0,0,1,0,0
30,1,2,2,5209,1,12,0,11,4,2,11,8,2,7,0,0,1,0,0,0,0,0,0,0,1,0,0
46,2,3,3,10673,1,13,0,21,5,2,10,9,9,5,0,1,0,1,0,0,0,0,0,0,0,0,0
32,1,4,2,5010,0,16,0,12,0,3,11,8,5,7,0,0,1,0,0,0,0,0,0,0,1,0,0
54,1,4,3,13549,0,12,0,16,5,1,4,3,0,3,0,1,0,0,0,0,0,0,1,0,0,0,0
24,1,2,2,4999,0,21,1,4,2,2,3,2,0,2,0,0,1,0,0,0,0,0,0,0,1,0,0
28,0,3,2,4221,0,15,0,5,3,4,5,4,0,4,0,0,1,0,0,0,0,0,0,0,1,0,0
58,1,4,4,13872,0,13,0,38,1,2,37,10,1,8,0,0,1,0,0,0,0,0,0,0,1,0,0
44,0,3,2,2042,0,12,0,17,3,4,3,2,1,2,0,1,0,0,0,1,0,0,0,0,0,0,0
37,1,4,1,2073,1,22,1,7,3,3,3,2,0,2,1,0,0,0,1,0,0,0,0,0,0,0,1
32,1,1,1,2956,0,13,0,1,2,3,1,0,0,0,0,1,0,0,0,0,0,0,0,1,0,0,0
20,2,3,1,2926,1,18,0,1,5,3,1,0,1,0,0,1,0,0,0,1,0,0,0,0,0,0,1
34,1,4,2,4809,0,14,0,16,3,3,16,13,2,10,0,1,0,0,0,0,0,0,0,1,0,0,0
37,0,2,2,5163,0,14,0,17,2,4,1,0,0,0,0,1,0,1,0,0,0,0,0,0,0,0,0
59,0,4,5,18844,0,21,1,30,3,3,3,2,2,2,1,0,0,0,0,0,1,0,0,0,0,0,0
50,2,3,5,18172,1,19,0,28,1,2,8,3,0,7,0,1,0,0,0,0,0,0,1,0,0,0,0
25,1,3,2,5744,1,11,0,6,1,3,6,4,0,3,0,0,1,0,0,0,0,0,0,0,1,0,1
25,1,1,1,2889,0,11,0,2,2,3,2,2,2,1,0,1,0,0,0,0,0,0,0,1,0,0,0
22,1,3,1,2871,0,15,0,1,5,3,0,0,0,0,0,1,0,0,0,1,0,0,0,0,0,0,0
51,2,4,3,7484,0,20,1,23,1,2,13,12,12,8,0,1,0,1,0,0,0,0,0,0,0,0,0
34,2,3,2,6074,1,24,1,9,3,3,9,7,0,6,0,1,0,0,0,1,0,0,0,0,0,0,1
54,0,3,4,17328,1,12,0,23,3,3,5,3,4,4,1,0,0,0,0,0,1,0,0,0,0,0,0
24,1,1,1,2774,0,12,0,6,2,3,5,3,1,2,0,1,0,0,0,1,0,0,0,0,0,0,0
34,1,4,2,4505,0,15,0,12,3,3,1,0,0,0,0,1,0,0,0,0,0,0,0,1,0,0,0
37,1,3,3,7428,0,12,0,12,3,3,5,3,1,3,0,0,1,0,0,0,0,0,0,0,1,0,0
34,1,3,3,11631,0,12,0,14,6,3,11,10,5,8,0,1,0,0,0,0,1,0,0,0,0,0,0
36,2,2,3,9738,0,14,0,10,6,3,9,7,2,8,0,0,1,0,0,0,0,0,0,0,1,0,0
36,1,2,1,2835,0,22,1,7,2,3,1,0,0,0,0,1,0,0,0,1,0,0,0,0,0,0,0
43,2,2,4,16959,1,12,0,25,3,4,25,12,4,12,0,0,1,0,0,0,1,0,0,0,0,0,0
30,2,3,1,2613,0,25,1,10,2,2,10,7,0,9,0,1,0,0,0,0,0,0,0,1,0,0,0
33,0,2,2,6146,0,13,0,8,2,4,7,7,0,7,0,0,1,0,0,0,0,0,0,0,1,0,0
56,1,4,1,4963,1,18,0,7,2,3,5,4,4,3,0,1,0,0,0,0,0,0,0,1,0,0,1
51,1,3,5,19537,0,13,0,23,5,3,20,18,15,15,0,1,0,0,0,0,0,0,1,0,0,0,0
31,1,4,2,6172,1,18,0,12,3,2,7,7,7,7,0,0,1,0,0,0,0,0,0,0,1,0,1
26,1,3,1,2368,0,19,0,5,3,2,5,4,4,3,0,1,0,0,0,0,0,0,0,1,0,0,0
58,1,4,3,10312,0,12,0,40,3,2,40,10,15,6,0,1,0,1,0,0,0,0,0,0,0,0,1
19,1,1,1,1675,1,19,0,0,2,2,0,0,0,0,0,0,1,0,0,0,0,0,0,0,0,1,1
22,1,1,1,2523,0,14,0,3,2,3,2,1,2,1,0,1,0,0,0,1,0,0,0,0,0,0,0
49,1,4,2,6567,0,14,0,16,2,2,15,11,5,11,0,1,0,0,0,0,0,1,0,0,0,0,0
43,2,3,1,4739,0,12,0,18,2,3,3,2,1,2,0,1,0,0,0,0,0,0,0,1,0,0,0
50,2,3,3,9208,0,11,0,16,3,3,2,2,2,1,0,0,1,0,0,0,0,0,0,0,1,0,0
31,1,3,2,4559,1,11,0,4,2,3,2,2,2,2,0,0,1,0,0,0,0,0,0,0,1,0,1
41,1,1,3,8189,1,13,0,12,2,3,9,7,0,7,0,0,1,0,0,0,0,0,0,0,1,0,0
26,1,1,1,2942,0,23,1,8,3,3,8,7,5,7,1,0,0,0,1,0,0,0,0,0,0,0,0
36,1,2,2,4941,0,20,1,7,0,3,3,2,0,1,0,1,0,0,0,0,0,1,0,0,0,0,0
51,2,4,3,10650,0,15,0,18,2,3,4,2,0,3,0,1,0,0,0,0,0,1,0,0,0,0,1
39,1,4,2,5902,0,14,0,17,1,4,15,11,5,9,0,0,1,0,0,0,0,0,0,0,1,0,0
25,1,3,2,8639,0,18,0,6,3,3,2,2,2,2,0,0,1,0,0,0,0,0,0,0,1,0,0
30,1,3,2,6347,1,19,0,12,2,1,11,9,4,7,1,0,0,0,1,0,0,0,0,0,0,0,0
32,1,3,1,4200,0,22,1,10,2,4,5,4,0,4,0,1,0,0,0,1,0,0,0,0,0,0,1
45,1,3,1,3452,0,13,0,9,2,2,6,5,0,3,0,1,0,0,0,0,0,0,0,1,0,0,0
38,1,5,2,4317,1,20,1,19,2,3,3,2,2,2,0,1,0,0,0,0,0,0,0,1,0,0,0
30,1,3,1,2632,0,14,0,5,4,2,5,4,0,4,0,1,0,0,0,0,0,0,0,1,0,0,0
32,2,2,2,4668,0,17,0,9,2,4,8,7,0,7,0,0,1,0,0,0,0,0,0,0,1,0,0
30,1,3,1,3204,0,14,0,8,3,3,3,2,2,2,0,1,0,0,0,0,0,0,0,1,0,0,0
30,1,1,1,2720,0,13,0,6,3,3,5,3,1,2,0,1,0,0,0,1,0,0,0,0,0,0,0
41,2,3,4,17181,0,13,0,21,2,2,7,6,7,7,0,1,0,0,0,0,1,0,0,0,0,0,0
41,1,4,1,2238,0,21,1,7,2,3,5,0,1,4,0,1,0,0,0,1,0,0,0,0,0,0,0
19,1,1,1,1483,0,14,0,1,3,3,1,0,0,0,0,1,0,0,0,1,0,0,0,0,0,0,0
40,2,3,2,5605,0,11,0,20,2,3,20,7,2,13,0,1,0,0,0,0,0,0,0,1,0,0,0
35,1,5,3,7295,0,13,0,10,3,3,10,8,0,6,0,0,1,0,0,0,0,0,0,0,1,0,0
53,1,2,2,2306,1,20,1,13,3,1,7,7,4,5,0,0,1,0,0,0,0,0,0,0,0,1,0
45,1,3,2,2348,0,18,0,20,2,1,17,9,0,15,0,1,0,0,0,1,0,0,0,0,0,0,0
32,2,3,3,8998,0,14,0,9,2,3,9,8,3,7,0,0,1,0,0,0,0,0,0,0,1,0,0
29,0,1,2,4319,0,13,0,10,1,3,10,7,0,9,0,1,0,0,0,0,0,1,0,0,0,0,0
51,1,4,2,6132,0,17,0,10,2,3,1,0,0,0,0,1,0,0,0,0,0,1,0,0,0,0,0
58,1,3,1,3346,1,20,1,9,3,2,1,0,0,0,0,1,0,0,0,0,0,0,0,1,0,0,0
40,1,4,3,10855,0,11,0,15,2,2,12,11,2,11,0,0,1,0,0,0,0,0,0,0,1,0,0
34,2,4,1,2231,0,18,0,6,3,3,4,3,1,2,0,0,1,0,0,0,0,0,0,0,0,1,0
22,1,1,1,2323,0,24,1,2,6,3,2,2,2,2,0,1,0,0,0,0,0,0,0,1,0,0,0
27,0,3,1,2024,0,18,0,6,1,1,2,2,2,2,0,1,0,0,0,0,0,0,0,1,0,0,0
28,1,3,1,2713,0,11,0,5,2,1,5,2,0,2,0,1,0,0,0,0,0,0,0,1,0,0,0
57,1,2,3,9439,1,16,0,12,2,1,5,3,1,4,0,1,0,1,0,0,0,0,0,0,0,0,0
27,0,3,1,2566,1,15,0,1,2,2,1,1,0,1,0,1,0,0,0,0,0,0,0,1,0,0,0
50,1,3,5,19926,0,15,0,21,5,3,5,4,4,4,0,1,0,0,0,0,1,0,0,0,0,0,0
41,1,3,1,2451,0,12,0,13,2,3,9,8,1,8,0,1,0,0,0,0,0,0,0,1,0,0,0
30,1,3,3,9419,0,12,0,12,2,3,10,9,7,4,0,0,1,0,0,0,0,0,0,0,1,0,0
38,1,4,2,8686,0,22,1,12,2,4,8,3,0,7,0,0,1,0,0,0,0,0,0,0,1,0,0
32,1,5,1,3038,0,20,1,8,2,3,5,4,1,4,0,1,0,0,0,0,0,0,0,1,0,0,0
27,1,3,1,3058,1,16,0,6,3,2,5,2,1,1,0,1,0,0,0,0,0,0,0,1,0,0,0
19,2,1,1,2325,0,21,1,1,5,4,0,0,0,0,0,0,1,0,0,0,0,0,0,0,0,1,1
36,2,2,1,2088,0,12,0,13,3,2,8,7,7,2,0,1,0,0,0,1,0,0,0,0,0,0,0
30,0,3,2,3072,0,11,0,12,4,3,12,9,6,10,0,1,0,0,0,1,0,0,0,0,0,0,0
45,1,2,2,5006,1,11,0,9,3,4,5,4,0,3,0,0,1,0,0,0,0,0,0,0,1,0,0
56,1,3,1,4257,1,18,0,19,3,3,2,2,2,2,0,1,0,0,0,0,0,0,0,1,0,0,0
33,1,3,1,2500,0,14,0,4,2,4,3,1,0,2,0,1,0,0,0,0,0,0,0,1,0,0,0
19,1,3,1,1102,0,22,1,1,3,2,1,0,1,0,0,1,0,0,0,1,0,0,0,0,0,0,1
46,1,2,3,10453,0,25,1,24,2,3,24,13,15,7,0,0,1,0,0,0,0,0,0,0,1,0,0
38,1,2,1,2288,0,12,0,2,3,3,2,2,2,1,0,1,0,0,0,1,0,0,0,0,0,0,0
31,1,1,1,3929,1,23,1,7,0,3,4,2,0,2,0,1,0,0,0,0,0,0,0,1,0,0,0
34,1,2,1,2311,0,15,0,9,3,3,3,2,1,2,0,1,0,0,0,0,0,0,0,1,0,0,0
41,1,2,1,3140,1,22,1,4,5,2,4,3,0,2,0,0,1,0,0,0,0,0,0,0,0,1,1
50,1,3,1,3690,0,15,0,5,2,2,3,2,0,2,0,1,0,0,0,1,0,0,0,0,0,0,0
53,1,2,2,4450,0,11,0,5,3,3,4,2,1,3,0,1,0,0,0,0,0,1,0,0,0,0,0
33,1,3,1,2756,0,13,0,8,5,3,8,7,1,6,0,1,0,0,0,0,0,0,0,1,0,0,0
40,1,1,5,19033,0,14,0,21,2,3,20,8,9,9,0,1,0,0,0,0,1,0,0,0,0,0,0
55,1,4,5,18722,0,11,0,36,3,3,24,15,2,15,0,1,0,0,0,0,0,0,1,0,0,0,0
34,2,1,2,9547,0,17,0,10,2,2,10,9,1,9,0,1,0,0,0,0,0,1,0,0,0,0,0
51,1,3,4,13734,0,18,0,21,6,3,7,7,1,0,0,1,0,1,0,0,0,0,0,0,0,0,0
52,1,4,5,19999,0,14,0,34,5,3,33,18,11,9,0,1,0,0,0,0,1,0,0,0,0,0,0
27,1,3,1,2279,0,16,0,7,2,2,7,7,0,3,0,1,0,0,0,0,0,0,0,1,0,0,0
35,1,2,2,5916,1,13,0,8,1,3,1,0,0,1,0,1,0,0,0,0,0,1,0,0,0,0,1
43,0,3,1,2089,0,14,0,7,3,4,5,4,2,2,0,1,0,0,0,0,0,0,0,1,0,0,0
45,0,2,4,16792,0,23,1,22,1,3,20,8,11,8,0,1,0,0,0,0,1,0,0,0,0,0,0
37,1,3,1,3564,1,12,0,8,3,2,8,7,1,7,0,1,0,0,0,0,0,0,0,1,0,0,0
35,2,3,2,4425,0,11,0,10,5,3,6,2,1,2,0,1,0,0,0,1,0,0,0,0,0,0,0
42,0,2,2,5265,0,16,0,11,5,3,5,3,0,2,0,1,0,0,0,0,0,1,0,0,0,0,0
38,1,4,2,6553,0,14,0,14,3,3,1,0,0,0,0,1,0,0,0,0,0,1,0,0,0,0,0
38,1,3,2,6261,0,18,0,9,3,1,7,7,1,7,0,1,0,0,0,0,0,1,0,0,0,0,0
27,2,1,2,4298,0,19,0,6,1,3,2,2,2,0,0,1,0,0,0,0,0,1,0,0,0,0,0
49,0,4,2,6804,1,15,0,7,0,3,7,7,1,7,0,1,0,0,0,0,0,1,0,0,0,0,0
34,2,4,1,3815,1,17,0,5,4,4,5,3,2,0,0,1,0,0,0,0,0,0,0,1,0,0,0
40,1,2,2,2741,1,15,0,15,2,4,7,2,3,7,0,1,0,0,0,1,0,0,0,0,0,0,0
38,1,1,2,6673,1,19,0,17,2,3,1,0,0,0,0,1,0,1,0,0,0,0,0,0,0,0,1
29,1,3,3,7639,0,22,1,10,3,2,10,4,1,9,0,0,1,0,0,0,0,0,0,0,1,0,1
22,1,3,1,2328,1,16,0,4,2,2,4,2,2,2,0,1,0,0,0,0,0,0,0,1,0,0,0
36,2,1,1,2153,0,13,0,8,2,3,8,1,1,7,0,1,0,0,0,1,0,0,0,0,0,0,0
40,0,5,2,4876,0,14,0,5,5,1,3,2,0,2,0,1,0,1,0,0,0,0,0,0,0,0,0
46,1,4,3,9396,0,16,0,17,3,3,4,2,0,3,0,1,0,1,0,0,0,0,0,0,0,0,0
32,1,4,3,10400,0,11,0,14,2,2,14,8,9,8,0,0,1,0,0,0,0,0,0,0,1,0,1
30,0,1,3,8474,0,22,1,12,2,3,11,8,5,8,0,1,0,0,0,0,0,1,0,0,0,0,0
27,2,3,2,9981,0,14,0,7,2,3,7,7,0,7,0,0,1,0,0,0,0,0,0,0,1,0,0
51,1,4,3,12490,0,16,0,16,5,1,10,9,4,7,0,1,0,0,0,0,0,0,1,0,0,0,0
30,1,3,1,2657,1,11,0,8,5,3,5,2,0,4,0,1,0,0,0,0,0,0,0,1,0,0,1
41,1,3,3,13591,1,18,0,16,3,3,1,0,0,0,0,0,1,0,0,0,1,0,0,0,0,0,0
30,2,4,2,6696,0,15,0,9,5,2,6,3,0,1,0,0,1,0,0,0,0,0,0,0,1,0,1
29,1,3,1,2058,0,14,0,7,1,2,6,2,1,5,0,1,0,0,0,0,0,0,0,1,0,0,1
45,0,3,3,8865,0,12,0,23,2,3,19,7,12,8,0,0,1,0,0,0,0,0,0,0,1,0,0
54,1,3,2,5940,0,14,0,16,4,3,6,2,0,5,0,0,1,0,0,0,0,0,0,0,1,0,0
36,1,2,2,5914,0,16,0,16,3,4,13,11,3,7,0,1,0,0,0,1,0,0,0,0,0,0,0
33,1,4,1,2622,0,21,1,7,3,3,3,2,1,1,0,1,0,0,0,0,0,0,0,1,0,0,0
37,2,3,3,12185,1,14,0,10,1,3,10,8,0,7,0,1,0,0,0,0,0,0,1,0,0,0,0
38,1,3,3,10609,0,12,0,17,6,2,16,10,5,13,0,0,1,0,0,0,0,0,0,0,1,0,0
31,0,4,2,4345,0,12,0,6,2,3,5,4,1,4,0,1,0,0,0,0,0,1,0,0,0,0,0
59,1,3,1,2177,0,17,0,7,6,3,1,0,0,0,0,1,0,0,0,0,0,0,0,1,0,0,0
37,2,4,1,2793,0,17,0,13,2,3,9,8,5,8,0,0,1,0,0,0,0,0,0,0,0,1,0
29,2,1,3,7918,0,14,0,11,5,3,11,10,4,1,0,0,1,0,0,0,0,0,0,0,1,0,0
35,2,3,3,8789,0,14,0,10,3,4,10,7,0,8,0,0,1,0,0,0,0,0,0,0,1,0,0
29,1,1,1,2389,1,13,0,4,3,2,4,3,0,1,0,1,0,0,0,0,0,0,0,1,0,0,1
52,1,3,1,3212,0,15,0,6,3,2,2,2,2,2,0,1,0,0,0,1,0,0,0,0,0,0,0
42,1,2,5,19232,0,11,0,22,3,3,22,17,11,15,0,1,0,0,0,0,1,0,0,0,0,0,0
59,1,2,1,2267,0,17,0,7,2,2,2,2,2,2,1,0,0,0,1,0,0,0,0,0,0,0,0
50,1,4,5,19517,0,11,0,32,3,2,7,0,0,6,0,0,1,0,0,0,1,0,0,0,0,0,0
33,1,3,1,2436,1,13,0,8,2,1,5,4,0,4,0,1,0,0,0,1,0,0,0,0,0,0,1
43,1,3,4,16064,1,22,1,22,3,3,17,13,1,9,0,0,1,0,0,0,1,0,0,0,0,0,0
33,1,2,1,2707,0,20,1,13,3,4,9,7,1,7,0,1,0,0,0,1,0,0,0,0,0,0,1
52,0,4,5,19068,1,18,0,33,2,4,33,7,15,12,0,0,1,0,0,0,1,0,0,0,0,0,0
32,1,2,1,3931,0,11,0,6,5,3,4,3,1,2,0,0,1,0,0,0,0,0,0,0,0,1,0
32,1,3,1,3730,1,14,0,4,2,1,3,2,1,2,0,1,0,0,0,1,0,0,0,0,0,0,1
39,1,4,1,2232,0,14,0,7,1,3,3,2,1,2,0,1,0,0,0,1,0,0,0,0,0,0,0
32,0,4,2,4465,0,18,0,4,2,3,3,2,2,2,0,0,1,0,0,0,0,0,0,0,1,0,0
41,1,2,2,3072,0,16,0,17,2,2,1,0,0,0,0,1,0,0,0,0,0,0,0,1,0,0,0
40,1,2,2,3319,0,17,0,9,3,3,9,8,4,7,0,1,0,0,0,0,0,0,0,1,0,0,0
45,1,3,5,19202,0,11,0,25,2,3,24,0,1,7,0,1,0,0,0,0,1,0,0,0,0,0,0
31,2,4,3,13675,0,12,0,9,3,3,2,2,2,2,0,1,0,0,0,0,0,0,1,0,0,0,0
33,1,4,1,2911,0,13,0,2,2,2,2,2,0,2,0,1,0,0,0,0,0,0,0,1,0,0,0
34,1,4,2,5957,0,13,0,13,3,3,11,9,5,9,0,1,0,0,0,0,0,1,0,0,0,0,0
37,1,2,1,3920,0,14,0,17,2,2,3,1,0,2,0,1,0,0,0,0,0,0,0,1,0,0,0
45,2,4,2,6434,0,17,0,9,1,3,3,2,0,2,0,1,0,0,0,0,0,1,0,0,0,0,0
37,2,3,3,10048,0,11,0,17,5,3,1,0,0,0,0,1,0,0,0,0,0,1,0,0,0,0,1
39,2,4,3,10938,0,25,1,20,1,3,19,6,11,8,0,1,0,1,0,0,0,0,0,0,0,0,0
29,1,3,1,2340,0,19,0,6,1,3,6,5,1,5,0,1,0,0,0,0,0,0,0,1,0,0,0
42,1,2,2,6545,1,13,0,10,1,3,3,2,0,2,0,1,0,0,0,0,0,0,0,1,0,0,0
29,1,2,2,6931,0,14,0,10,2,3,3,2,0,2,0,0,1,0,0,0,0,0,0,0,1,0,0
25,1,3,2,4898,0,12,0,5,3,3,4,2,1,2,0,1,0,0,0,0,0,1,0,0,0,0,0
42,1,3,1,2593,1,11,0,10,4,3,9,6,7,8,0,1,0,0,0,1,0,0,0,0,0,0,0
40,1,2,5,19436,0,19,0,22,5,3,21,7,3,9,0,1,0,0,0,0,0,0,1,0,0,0,0
51,1,3,1,2723,0,11,0,1,0,2,1,0,0,0,0,1,0,0,0,0,0,0,0,1,0,0,0
31,2,2,1,3479,0,11,0,6,2,4,5,4,1,4,0,1,0,0,0,1,0,0,0,0,0,0,1
32,2,3,1,2794,0,20,1,5,3,1,5,1,0,3,0,1,0,0,0,1,0,0,0,0,0,0,0
38,0,2,2,5249,0,18,0,13,0,3,8,7,7,5,0,0,1,0,0,0,0,0,0,0,1,0,0
32,1,1,2,2176,0,13,0,9,5,3,6,2,0,4,0,1,0,0,0,1,0,0,0,0,0,0,0
46,1,3,4,16872,1,12,0,28,2,2,7,7,7,7,0,0,1,0,0,0,1,0,0,0,0,0,0
28,1,4,1,3485,0,11,0,5,5,1,0,0,0,0,0,1,0,0,0,1,0,0,0,0,0,0,1
29,1,3,2,6644,0,19,0,10,2,3,0,0,0,0,0,0,1,0,0,0,0,0,0,0,1,0,0
31,1,3,2,5582,0,21,1,10,2,3,9,0,7,8,0,1,0,1,0,0,0,0,0,0,0,0,0
25,0,2,2,4000,0,12,0,6,2,3,6,3,1,5,0,1,0,1,0,0,0,0,0,0,0,0,0
45,1,2,4,13496,1,14,0,21,2,3,20,7,4,10,0,1,0,1,0,0,0,0,0,0,0,0,0
36,1,3,1,3210,0,11,0,16,4,3,15,13,10,11,0,1,0,0,0,1,0,0,0,0,0,0,0
55,1,3,5,19045,1,14,0,37,2,3,36,10,4,13,0,1,0,0,0,0,1,0,0,0,0,0,0
47,0,4,3,11849,1,12,0,10,2,2,10,7,9,9,0,1,0,0,0,0,1,0,0,0,0,0,1
28,1,3,1,2070,0,23,1,5,3,2,5,2,0,4,0,1,0,0,0,0,0,0,0,1,0,0,0
37,1,4,2,6502,0,14,0,7,5,4,5,4,0,1,0,0,1,0,0,0,0,0,0,0,1,0,0
21,1,2,1,3230,0,17,0,3,4,4,3,2,1,0,0,1,0,0,0,0,0,0,0,1,0,0,0
37,0,4,3,13603,1,18,0,15,2,3,5,2,0,2,0,1,0,0,0,0,0,0,1,0,0,0,0
35,1,3,3,11996,0,18,0,10,6,2,7,7,6,2,0,1,0,0,0,0,1,0,0,0,0,0,0
38,1,2,2,5605,1,24,1,8,3,3,8,0,7,7,0,0,1,0,0,0,0,0,0,0,1,0,0
26,2,3,2,6397,0,20,1,6,6,1,6,5,1,4,0,1,0,0,0,0,0,1,0,0,0,0,0
50,1,1,5,19144,0,14,0,28,4,2,10,4,1,6,0,1,0,0,0,0,0,0,1,0,0,0,0
53,1,4,4,17584,1,16,0,21,5,2,5,3,1,3,0,1,0,0,0,0,0,0,1,0,0,0,0
42,1,1,2,4907,0,25,1,20,3,3,20,16,11,6,0,0,1,0,0,0,0,0,0,0,1,0,0
29,2,2,2,4554,0,18,0,10,3,2,10,7,0,9,0,0,1,0,0,0,0,0,0,0,1,0,0
55,1,2,2,5415,1,19,0,12,4,3,10,7,0,8,0,1,0,0,0,1,0,0,0,0,0,0,0
26,2,2,2,4741,1,13,0,5,3,3,5,3,3,3,0,1,0,1,0,0,0,0,0,0,0,0,0
37,1,3,1,2115,0,12,0,17,3,3,17,12,5,7,0,1,0,0,0,0,0,0,0,1,0,0,0
44,2,3,1,3161,1,22,1,19,0,1,1,0,0,0,0,1,0,0,0,1,0,0,0,0,0,0,1
38,1,4,2,5745,0,14,0,10,2,3,2,2,1,2,0,1,0,1,0,0,0,0,0,0,0,0,0
26,1,4,1,2373,1,13,0,5,2,3,3,2,0,2,0,1,0,0,0,1,0,0,0,0,0,0,1
28,1,2,1,3310,0,21,1,5,3,3,5,3,0,2,0,1,0,0,0,0,0,0,0,1,0,0,0
49,2,4,5,18665,1,11,0,22,4,3,3,2,1,2,0,1,0,0,0,0,0,0,1,0,0,0,0
36,1,3,2,4485,0,12,0,10,2,3,8,0,7,7,0,1,0,0,0,0,0,0,0,1,0,0,0
31,2,3,1,2789,0,11,0,2,5,2,2,2,2,2,0,0,1,0,0,0,0,0,0,0,0,1,0
26,1,4,2,5828,1,12,0,8,0,3,8,7,7,4,0,0,1,0,0,0,0,0,0,0,1,0,1
37,2,3,1,2326,1,12,0,4,3,2,4,2,1,2,0,1,0,0,0,0,0,0,0,1,0,0,0
42,2,3,4,13525,0,14,0,23,2,4,20,4,4,8,0,0,1,0,0,0,0,0,0,0,1,0,0
18,1,3,1,1420,0,13,0,0,2,3,0,0,0,0,0,1,0,0,0,1,0,0,0,0,0,0,1
35,1,3,3,8020,0,15,0,12,3,2,11,9,6,9,0,0,1,0,0,0,0,0,0,0,1,0,0
36,2,4,1,3688,0,18,0,4,2,3,1,0,0,0,0,1,0,0,0,1,0,0,0,0,0,0,0
51,1,3,2,5482,0,18,0,13,3,3,4,1,1,2,0,1,0,0,0,0,0,1,0,0,0,0,0
41,1,4,4,16015,0,19,0,22,2,3,22,10,0,4,0,0,1,0,0,0,1,0,0,0,0,0,0
18,1,3,1,1200,0,12,0,0,2,3,0,0,0,0,0,0,1,0,0,0,0,0,0,0,0,1,0
28,1,2,2,5661,0,19,0,9,2,3,8,3,0,7,0,1,0,1,0,0,0,0,0,0,0,0,0
31,1,3,2,6929,0,11,0,10,3,2,8,7,7,7,0,0,1,0,0,0,0,0,0,0,1,0,0
39,1,3,3,9613,0,17,0,19,5,2,18,10,3,7,0,1,0,1,0,0,0,0,0,0,0,0,0
36,0,4,2,5674,0,15,0,11,3,3,9,8,0,8,0,1,0,0,0,1,0,0,0,0,0,0,0
32,1,3,2,5484,0,14,0,13,3,2,13,8,4,8,0,0,1,0,0,0,0,0,0,0,1,0,0
38,1,2,3,12061,0,17,0,19,2,3,10,8,0,1,0,1,0,0,0,0,0,0,1,0,0,0,0
58,0,4,2,5660,1,13,0,12,2,3,5,3,1,2,0,1,0,1,0,0,0,0,0,0,0,0,0
31,1,4,1,4821,1,12,0,6,4,3,5,2,0,3,0,1,0,0,0,0,0,0,0,1,0,0,0
31,1,3,2,6410,0,12,0,9,1,3,2,2,1,0,1,0,0,0,1,0,0,0,0,0,0,0,0
45,2,3,3,5210,0,18,0,24,2,3,24,9,9,11,0,1,0,0,0,1,0,0,0,0,0,0,0
31,1,4,1,2695,1,18,0,3,2,1,2,2,2,2,0,1,0,0,0,0,0,0,0,1,0,0,0
33,2,4,3,11878,0,11,0,12,2,3,10,6,8,8,0,1,0,0,0,0,1,0,0,0,0,0,0
39,1,1,4,17068,1,14,0,21,3,3,21,9,11,10,0,1,0,0,0,0,1,0,0,0,0,0,0
43,2,4,1,2455,0,19,0,9,5,3,8,7,1,7,0,1,0,0,0,1,0,0,0,0,0,0,0
49,1,2,4,13964,1,12,0,25,2,3,7,1,0,7,0,1,0,1,0,0,0,0,0,0,0,0,0
52,1,4,2,4941,0,15,0,11,3,2,8,2,7,7,0,1,0,0,0,0,0,0,0,1,0,0,1
27,1,3,1,2478,1,12,0,4,2,2,4,3,1,2,0,1,0,0,0,0,0,0,0,1,0,0,0
32,1,2,2,5228,1,11,0,13,2,3,13,12,11,9,0,0,1,0,0,0,0,0,0,0,1,0,0
27,1,3,2,4478,1,11,0,5,3,3,5,4,0,4,0,0,1,0,0,0,0,0,0,0,1,0,0
31,1,3,2,7547,0,12,0,13,3,3,7,7,1,7,0,0,1,0,0,0,0,0,0,0,1,0,0
32,1,4,2,5055,0,16,0,10,0,2,7,7,0,7,0,1,0,0,0,0,0,0,0,1,0,0,0
28,1,4,1,3464,1,13,0,5,4,2,3,2,2,2,0,1,0,0,0,0,0,0,0,1,0,0,1
30,1,2,2,5775,0,13,0,11,2,3,10,8,1,9,0,1,0,0,0,0,0,0,0,1,0,0,0
31,2,2,3,8943,0,24,1,10,2,3,10,9,8,9,0,1,0,0,0,0,0,1,0,0,0,0,0
39,2,2,5,19272,0,15,0,21,2,3,21,9,13,3,0,1,0,0,0,0,1,0,0,0,0,0,0
39,1,2,2,5238,1,18,0,12,3,2,1,0,0,0,0,0,1,0,0,0,0,0,0,0,1,0,1
33,2,3,2,4682,0,14,0,9,6,2,7,7,0,1,0,0,1,0,0,0,0,0,0,0,1,0,0
47,1,5,5,18300,0,11,0,21,2,3,3,2,1,1,0,1,0,0,0,0,0,0,1,0,0,0,0
43,2,4,2,5257,0,11,0,9,3,4,9,7,0,0,0,1,0,0,0,1,0,0,0,0,0,0,0
27,0,1,2,6349,1,13,0,6,0,3,5,4,1,4,0,0,1,0,0,0,0,0,0,0,1,0,0
54,2,4,2,4869,0,12,0,20,4,2,4,3,0,3,0,1,0,0,0,0,0,0,0,1,0,0,0
43,1,3,3,9985,0,16,0,10,1,2,1,0,0,0,0,1,0,1,0,0,0,0,0,0,0,0,0
45,1,4,2,3697,0,14,0,12,3,3,10,9,9,8,0,1,0,0,0,0,0,0,0,1,0,0,0
40,1,2,2,7457,1,22,1,6,2,2,4,3,0,2,0,0,1,0,0,0,0,0,0,0,1,0,0
29,1,4,1,2119,1,11,0,7,4,2,7,7,0,7,0,1,0,0,0,1,0,0,0,0,0,0,1
29,1,5,1,3983,0,17,0,4,2,3,3,2,2,2,0,1,0,0,0,1,0,0,0,0,0,0,0
30,1,3,2,6118,0,13,0,10,2,3,10,9,1,2,0,0,1,0,0,0,0,0,0,0,1,0,0
27,1,4,2,6214,0,18,0,8,3,3,8,7,0,7,0,0,1,0,0,0,0,0,0,0,1,0,0
37,1,2,2,6347,0,16,0,8,2,2,6,2,0,4,0,1,0,0,0,0,0,1,0,0,0,0,0
38,1,2,3,11510,1,14,0,12,3,3,11,10,2,9,0,1,0,0,0,0,0,0,1,0,0,0,0
31,1,4,3,7143,1,14,0,11,2,2,11,9,4,10,0,1,0,0,0,0,0,1,0,0,0,0,0
29,1,1,2,8268,1,14,0,7,2,3,7,7,1,7,0,0,1,0,0,0,0,0,0,0,1,0,0
35,1,4,3,8095,0,13,0,17,5,3,16,6,0,13,0,1,0,0,0,0,0,1,0,0,0,0,0
23,1,1,1,2904,0,12,0,4,2,2,4,2,0,2,0,1,0,0,0,0,0,0,0,1,0,0,0
41,1,3,2,6032,1,15,0,8,3,3,5,4,1,2,0,1,0,0,0,0,0,1,0,0,0,0,0
47,2,1,2,2976,0,19,0,5,3,3,0,0,0,0,0,0,1,0,0,0,0,0,0,0,0,1,0
42,1,5,4,15992,0,14,0,16,2,3,1,0,0,0,0,1,0,0,0,0,0,0,1,0,0,0,0
29,0,3,2,4649,0,14,0,4,3,2,4,3,0,2,0,0,1,0,0,0,0,0,0,0,1,0,0
42,1,1,1,2696,1,11,0,4,5,3,3,2,1,0,1,0,0,0,1,0,0,0,0,0,0,0,0
32,1,3,1,2370,0,13,0,8,4,3,8,0,0,7,0,1,0,0,0,1,0,0,0,0,0,0,0
48,1,1,3,12504,0,21,1,15,3,1,0,0,0,0,0,0,1,0,0,0,1,0,0,0,0,0,0
37,1,3,2,5974,1,13,0,13,2,3,7,7,6,7,0,1,0,0,0,0,0,0,0,1,0,0,0
30,0,2,2,4736,1,12,0,4,2,4,2,2,2,2,0,0,1,0,0,0,0,0,0,0,1,0,0
26,1,3,2,5296,0,17,0,8,3,3,8,7,7,7,0,0,1,0,0,0,0,0,0,0,1,0,0
42,1,4,2,6781,0,23,1,14,6,3,1,0,0,0,0,1,0,1,0,0,0,0,0,0,0,0,0
21,2,1,1,2174,1,11,0,3,3,3,3,2,1,2,0,0,1,0,0,0,0,0,0,0,0,1,1
36,0,5,2,6653,0,15,0,7,6,3,1,0,0,0,0,0,1,0,0,0,0,0,0,0,1,0,0
36,2,4,3,9699,0,11,0,16,2,3,13,9,1,12,0,0,1,0,0,0,0,0,0,0,1,0,0
57,1,4,2,6755,0,11,0,15,2,3,3,2,1,2,0,1,0,1,0,0,0,0,0,0,0,0,0
40,1,4,1,2213,1,13,0,10,3,3,7,7,1,7,0,1,0,0,0,1,0,0,0,0,0,0,0
21,0,2,1,2610,0,24,1,3,3,2,3,2,2,2,0,0,1,0,0,0,0,0,0,0,0,1,0
33,1,3,1,2851,1,13,0,1,2,3,1,0,0,0,0,0,1,0,0,0,0,0,0,0,0,1,1
37,1,3,1,3452,0,20,1,17,3,3,5,4,0,3,0,1,0,0,0,1,0,0,0,0,0,0,0
46,0,4,2,5258,0,14,0,7,2,4,1,0,0,0,0,1,0,0,0,0,0,1,0,0,0,0,0
41,2,3,2,9355,0,18,0,8,5,3,8,7,7,7,0,0,1,0,0,0,0,0,0,0,1,0,1
50,1,3,3,10496,0,15,0,20,2,3,4,3,1,3,0,1,0,1,0,0,0,0,0,0,0,0,0
40,1,2,2,6380,1,12,0,8,6,3,6,4,1,0,0,0,1,0,0,0,0,0,0,0,1,0,1
31,1,4,1,2657,1,16,0,3,5,3,2,2,2,2,0,1,0,0,0,0,0,0,0,1,0,0,0
21,1,3,1,2716,0,15,0,1,0,3,1,0,0,0,0,0,1,0,0,0,0,0,0,0,0,1,1
29,1,3,1,2201,0,16,0,6,4,3,3,2,1,2,0,1,0,0,0,0,0,0,0,1,0,0,0
35,1,4,2,6540,0,19,0,10,5,3,1,1,0,0,0,1,0,1,0,0,0,0,0,0,0,0,0
27,1,2,1,3816,0,11,0,5,2,3,5,2,0,4,0,1,0,0,0,1,0,0,0,0,0,0,0
28,1,4,2,5253,0,16,0,7,1,3,7,5,0,7,0,0,1,0,0,0,0,0,0,0,1,0,0
49,1,3,3,10965,0,24,1,26,2,3,5,2,0,0,0,1,0,1,0,0,0,0,0,0,0,0,0
51,1,2,2,4936,0,11,0,18,2,2,7,7,0,7,0,0,1,0,0,0,0,0,0,0,1,0,0
36,1,3,1,2543,0,13,0,6,3,3,2,2,2,2,0,1,0,0,0,0,0,0,0,1,0,0,0
34,0,3,2,5304,1,13,0,9,3,2,5,2,0,4,0,0,1,0,0,0,0,0,0,0,1,0,1
55,1,3,4,16659,1,13,0,30,2,3,5,4,1,2,0,1,0,0,0,0,1,0,0,0,0,0,0
24,1,4,2,4260,1,12,0,5,2,4,5,2,0,3,0,0,1,0,0,0,0,0,0,0,1,0,0
30,1,1,1,2476,0,18,0,1,3,3,1,0,0,0,0,0,1,0,0,0,0,0,0,0,0,1,0
26,2,1,1,3102,0,22,1,7,2,3,6,4,0,4,0,1,0,0,0,0,0,0,0,1,0,0,1
22,1,3,1,2244,0,13,0,2,1,3,2,1,1,2,0,1,0,0,0,0,0,0,0,1,0,0,0
36,1,2,3,7596,0,13,0,10,2,3,10,9,9,0,0,0,1,0,0,0,0,0,0,0,1,0,0
30,2,3,1,2285,1,23,1,3,4,3,1,0,0,0,0,1,0,0,0,0,0,0,0,1,0,0,1
37,1,3,1,3034,0,12,0,18,2,2,18,7,12,17,0,1,0,0,0,1,0,0,0,0,0,0,0
40,1,2,2,5715,0,12,0,8,5,3,5,4,1,3,0,0,1,0,0,0,0,0,0,0,1,0,0
42,1,4,1,2576,0,16,0,8,5,3,5,2,1,2,0,1,0,0,0,1,0,0,0,0,0,0,0
37,1,4,2,4197,1,12,0,18,2,2,1,0,0,1,0,1,0,0,0,0,0,1,0,0,0,0,0
43,1,3,4,14336,0,11,0,25,3,3,25,10,3,9,0,1,0,0,0,0,0,0,1,0,0,0,0
40,1,3,2,3448,0,22,1,20,3,3,1,0,0,0,0,1,0,0,0,1,0,0,0,0,0,0,0
54,1,2,5,19406,0,11,0,24,4,2,4,2,1,2,0,1,0,0,0,0,0,0,1,0,0,0,0
34,0,4,2,6538,0,15,0,6,3,3,3,2,1,2,0,0,1,0,0,0,0,0,0,0,1,0,0
31,1,2,2,4306,0,12,0,13,5,1,13,10,3,12,0,1,0,0,0,0,0,1,0,0,0,0,0
43,2,3,1,2258,0,20,1,8,1,3,3,2,1,2,0,1,0,0,0,1,0,0,0,0,0,0,0
43,1,4,2,4522,1,14,0,8,3,3,5,2,0,2,0,1,0,1,0,0,0,0,0,0,0,0,0
25,1,2,2,4487,1,11,0,5,3,3,5,4,1,3,0,0,1,0,0,0,0,0,0,0,1,0,0
37,0,5,2,4449,1,15,0,15,2,3,13,11,10,7,0,1,0,0,0,0,0,0,0,1,0,0,0
31,1,2,1,2218,0,12,0,4,3,3,4,2,3,2,0,1,0,0,0,1,0,0,0,0,0,0,0
39,2,1,5,19197,1,14,0,21,3,3,21,8,1,6,0,1,0,0,0,0,1,0,0,0,0,0,0
56,2,3,4,13212,0,11,0,36,0,2,7,7,7,7,0,0,1,0,0,0,0,0,0,0,1,0,0
30,1,3,2,6577,0,11,0,6,6,3,5,4,4,4,0,0,1,0,0,0,0,0,0,0,1,0,0
41,1,3,3,8392,0,16,0,10,2,3,10,7,0,7,0,0,1,0,0,0,0,0,0,0,1,0,0
28,1,2,2,4558,0,12,0,10,2,3,10,0,1,8,0,1,0,0,0,1,0,0,0,0,0,0,0
25,1,3,1,4031,0,13,0,6,5,3,2,2,0,2,0,1,0,0,0,1,0,0,0,0,0,0,1
52,1,3,3,7969,1,14,0,28,4,3,5,4,0,4,0,1,0,0,0,0,0,1,0,0,0,0,0
45,1,2,1,2654,0,21,1,8,3,2,2,2,0,2,0,1,0,0,0,0,0,0,0,1,0,0,0
52,1,2,4,16555,0,13,0,31,2,1,5,2,1,4,0,1,0,0,0,0,1,0,0,0,0,0,0
42,2,2,2,4556,0,11,0,19,3,3,5,4,0,2,0,1,0,0,0,0,0,0,0,1,0,0,0
30,1,3,2,6091,0,20,1,11,2,3,5,4,0,2,0,1,0,0,0,0,0,1,0,0,0,0,0
60,1,3,5,19566,0,11,0,33,5,1,29,8,11,10,0,1,0,0,0,0,1,0,0,0,0,0,0
46,1,3,2,4810,0,14,0,19,5,2,10,7,0,8,0,1,0,0,0,0,0,1,0,0,0,0,0
42,2,4,2,4523,0,11,0,7,4,4,6,5,0,4,0,1,0,1,0,0,0,0,0,0,0,0,0
24,1,1,1,3202,1,16,0,6,4,3,5,3,1,4,0,0,1,0,0,0,0,0,0,0,0,1,1
34,2,2,1,2351,0,16,0,3,3,2,2,2,1,0,0,0,1,0,0,0,0,0,0,0,0,1,1
38,2,2,1,1702,1,23,1,1,3,3,1,0,0,0,0,1,0,0,0,1,0,0,0,0,0,0,0
40,1,4,5,18041,0,14,0,21,2,3,20,15,1,12,0,0,1,0,0,0,1,0,0,0,0,0,0
26,1,3,1,2886,0,22,1,3,3,1,3,2,0,2,0,1,0,0,0,0,0,0,0,1,0,0,0
30,0,3,1,2097,0,15,0,9,3,1,5,3,1,4,0,1,0,0,0,1,0,0,0,0,0,0,0
29,1,4,3,11935,0,18,0,10,2,3,10,2,0,7,0,1,0,0,0,0,0,0,1,0,0,0,0
29,1,5,1,2546,0,16,0,6,2,4,2,2,1,1,0,1,0,0,0,0,0,0,0,1,0,0,1
19,1,2,1,2564,0,12,0,1,3,4,1,0,0,0,1,0,0,0,1,0,0,0,0,0,0,0,1
30,0,4,3,8412,0,11,0,10,3,3,9,8,7,8,0,0,1,0,0,0,0,0,0,0,1,0,0
57,1,3,4,14118,0,12,0,32,3,2,1,0,0,0,0,0,1,0,0,0,1,0,0,0,0,0,0
50,1,4,4,17046,0,15,0,28,2,3,27,10,15,7,0,1,0,0,0,0,1,0,0,0,0,0,0
30,0,3,1,2564,0,14,0,12,2,2,11,7,6,7,0,1,0,0,0,1,0,0,0,0,0,0,0
60,2,3,3,10266,0,19,0,22,5,4,18,13,13,11,0,0,1,0,0,0,0,0,0,0,1,0,0
47,1,2,2,5070,0,13,0,20,2,3,5,0,0,4,0,1,0,0,0,0,0,1,0,0,0,0,0
46,1,3,4,17861,0,13,0,26,2,1,3,2,0,1,0,1,0,0,0,0,0,0,1,0,0,0,0
35,1,3,1,4230,0,15,0,6,2,3,5,4,4,3,0,1,0,0,0,1,0,0,0,0,0,0,0
54,1,4,2,3780,0,11,0,19,3,3,1,0,0,0,0,1,0,0,0,1,0,0,0,0,0,0,0
34,1,4,1,2768,0,12,0,14,3,3,7,3,5,7,0,1,0,0,0,0,0,0,0,1,0,0,0
46,1,3,3,9071,1,19,0,15,3,3,3,2,1,2,0,0,1,0,0,0,0,0,0,0,1,0,0
31,1,1,3,10648,0,25,1,13,6,4,13,8,0,8,0,1,0,0,0,0,0,1,0,0,0,0,0
33,1,1,3,13610,1,12,0,15,2,4,7,6,7,7,0,1,0,0,0,0,1,0,0,0,0,0,1
33,1,1,1,3408,0,13,0,8,2,3,4,3,1,3,0,1,0,0,0,1,0,0,0,0,0,0,1
30,1,1,1,2983,0,14,0,4,3,3,3,2,1,2,0,0,1,0,0,0,0,0,0,0,0,1,0
35,1,3,3,7632,1,12,0,10,2,3,8,7,0,0,0,1,0,1,0,0,0,0,0,0,0,0,0
31,2,3,3,9824,0,12,0,12,2,3,1,0,0,0,0,1,0,1,0,0,0,0,0,0,0,0,1
34,2,3,3,9950,1,15,0,11,2,3,3,2,0,2,1,0,0,0,1,0,0,0,0,0,0,0,1
42,2,2,1,2093,0,17,0,8,4,3,2,2,2,0,0,1,0,0,0,1,0,0,0,0,0,0,0
36,0,4,3,9980,0,14,0,10,3,2,10,3,9,7,0,0,1,0,0,0,0,0,0,0,1,0,0
22,2,1,1,3894,0,16,0,4,3,3,2,2,1,2,0,1,0,0,0,1,0,0,0,0,0,0,1
48,1,5,2,4051,0,14,0,14,2,3,9,7,6,7,0,0,1,0,0,0,0,0,0,0,1,0,0
55,1,5,4,16835,0,23,1,37,2,3,10,9,7,7,0,0,1,0,0,0,1,0,0,0,0,0,0
41,0,2,2,6230,0,14,0,16,3,3,14,3,1,10,0,0,1,0,0,0,0,0,0,0,1,0,0
35,1,3,2,4717,0,11,0,15,2,3,11,9,6,9,0,0,1,0,0,0,0,0,0,0,1,0,0
40,1,3,4,13237,0,15,0,22,3,3,20,6,5,13,0,1,0,0,0,0,0,1,0,0,0,0,0
39,2,1,1,3755,0,11,0,8,3,3,8,3,0,7,0,1,0,0,0,1,0,0,0,0,0,0,0
31,1,1,2,6582,1,13,0,10,2,4,6,5,0,5,0,0,1,0,0,0,0,0,0,0,1,0,0
42,1,3,3,7406,1,21,1,10,5,2,10,9,5,8,0,1,0,0,0,0,0,1,0,0,0,0,0
45,1,3,2,4805,0,19,0,9,3,4,8,7,3,7,0,0,1,0,0,0,0,0,0,0,1,0,0
26,2,4,1,2741,1,11,0,8,2,2,7,7,1,0,1,0,0,0,1,0,0,0,0,0,0,0,1
29,1,3,2,4262,0,12,0,8,2,4,3,2,1,2,0,1,0,0,0,0,0,1,0,0,0,0,0
33,1,5,4,16184,0,19,0,10,2,3,6,1,0,5,0,1,0,0,0,0,0,0,1,0,0,0,0
31,1,3,3,11557,0,21,1,10,3,2,5,4,0,1,0,0,1,0,0,0,1,0,0,0,0,0,0
18,2,3,1,1878,1,14,0,0,3,3,0,0,0,0,0,0,1,0,0,0,0,0,0,0,0,1,1
40,0,3,3,10932,0,15,0,20,2,3,1,0,0,1,0,0,1,0,0,0,0,0,0,0,1,0,0
41,0,4,2,6811,1,17,0,10,3,3,8,7,0,7,0,1,0,1,0,0,0,0,0,0,0,0,0
26,1,2,2,4306,0,12,0,8,5,3,0,0,0,0,0,0,1,0,0,0,0,0,0,0,1,0,0
35,1,3,2,4859,0,16,0,5,3,3,5,4,0,3,0,0,1,0,0,0,0,0,0,0,1,0,0
34,1,4,2,5337,0,12,0,10,3,3,10,7,5,7,0,0,1,0,0,0,0,0,0,0,1,0,0
26,1,3,1,2340,1,18,0,1,3,1,1,0,0,0,0,1,0,0,0,1,0,0,0,0,0,0,1
37,1,3,3,7491,0,17,0,12,3,4,6,5,1,2,0,1,0,0,0,0,0,1,0,0,0,0,0
46,2,1,3,10527,0,11,0,28,3,2,2,2,1,2,0,1,0,1,0,0,0,0,0,0,0,0,0
41,1,5,4,16595,0,16,0,22,2,3,18,16,11,8,0,0,1,0,0,0,1,0,0,0,0,0,0
37,0,4,3,8834,0,13,0,9,6,3,9,5,7,7,0,0,1,0,0,0,0,0,0,0,1,0,0
52,1,2,2,5577,1,12,0,18,3,3,10,9,6,9,0,1,0,0,0,0,0,0,0,1,0,0,0
32,0,4,2,4707,0,12,0,6,2,3,4,2,1,2,0,0,1,0,0,0,0,0,0,0,1,0,1
24,2,3,1,2400,0,13,0,3,3,3,2,2,2,1,0,0,1,0,0,0,0,0,0,0,0,1,0
38,1,3,2,9824,0,19,0,18,4,3,1,0,0,0,0,1,0,1,0,0,0,0,0,0,0,0,0
37,1,4,2,6447,0,12,0,8,2,2,6,5,4,3,0,1,0,0,0,0,0,1,0,0,0,0,0
49,1,4,5,19502,1,17,0,31,5,3,31,9,0,9,0,1,0,0,0,0,0,0,1,0,0,0,0
24,1,3,1,2725,1,11,0,6,3,3,6,5,1,4,0,1,0,0,0,0,0,0,0,1,0,0,0
26,1,2,2,6272,0,20,1,6,5,4,5,3,1,4,0,0,1,0,0,0,0,0,0,0,1,0,0
24,1,2,1,2127,0,21,1,1,2,3,1,0,0,0,0,1,0,0,0,1,0,0,0,0,0,0,0
50,2,3,5,18200,0,11,0,32,2,3,32,5,10,7,1,0,0,0,0,0,1,0,0,0,0,0,0
25,1,1,1,2096,0,11,0,7,1,3,7,4,0,6,0,0,1,0,0,0,0,0,0,0,0,1,0
24,2,3,1,2886,1,16,0,6,4,3,6,3,1,2,0,1,0,0,0,1,0,0,0,0,0,0,1
30,2,4,1,2033,0,18,0,1,2,4,1,0,0,0,0,0,1,0,0,0,0,0,0,0,0,1,1
34,1,2,1,3622,1,13,0,6,3,3,6,5,1,3,0,1,0,0,0,0,0,0,0,1,0,0,0
31,1,4,2,4233,0,17,0,9,2,1,3,1,1,2,0,0,1,0,0,0,0,0,0,0,1,0,1
35,1,2,2,3681,0,14,0,9,3,3,3,2,0,2,0,1,0,0,0,1,0,0,0,0,0,0,0
31,1,4,2,5460,0,22,1,13,4,4,7,7,5,7,0,0,1,0,0,0,0,0,0,0,1,0,0
27,1,4,1,2187,0,12,0,6,5,2,5,3,0,3,0,1,0,0,0,0,0,0,0,1,0,0,0
37,1,3,2,9602,1,11,0,17,3,2,3,0,1,0,0,0,1,0,0,0,0,0,0,0,1,0,0
20,1,3,1,2836,0,13,0,1,0,4,1,0,0,0,0,1,0,0,0,0,0,0,0,1,0,0,0
42,1,4,2,4089,0,13,0,10,4,3,10,2,2,2,0,1,0,1,0,0,0,0,0,0,0,0,0
43,1,4,4,16627,1,14,0,21,3,2,1,0,0,0,0,1,0,0,0,0,0,0,1,0,0,0,0
38,1,1,1,2619,0,17,0,8,3,2,0,0,0,0,0,1,0,0,0,0,0,0,0,1,0,0,0
43,2,5,2,5679,1,13,0,10,3,3,8,7,4,7,0,1,0,0,0,1,0,0,0,0,0,0,0
48,1,4,4,15402,0,11,0,21,3,1,3,2,0,2,0,1,0,0,0,0,1,0,0,0,0,0,0
44,1,4,2,5985,0,11,0,10,1,4,2,2,0,2,1,0,0,0,1,0,0,0,0,0,0,0,0
34,1,3,1,2579,1,18,0,8,3,3,8,2,0,6,0,0,1,0,0,0,0,0,0,0,0,1,0
27,1,1,1,3041,0,11,0,5,3,3,4,3,0,2,0,0,1,0,0,0,0,0,0,0,0,1,1
21,1,1,1,3447,0,11,0,3,2,3,3,2,1,2,0,0,1,0,0,0,0,0,0,0,0,1,0
44,1,4,5,19513,1,12,0,26,2,4,2,2,0,1,0,1,0,0,0,0,1,0,0,0,0,0,0
22,1,1,1,2773,0,20,1,3,3,3,2,2,2,2,0,1,0,0,0,0,0,0,0,1,0,0,0
33,1,4,2,7104,0,12,0,6,3,3,5,0,1,2,0,0,1,0,0,0,0,0,0,0,1,0,0
32,1,4,2,6322,1,12,0,6,2,2,6,4,0,5,0,1,0,0,0,0,0,0,0,1,0,0,0
30,2,3,1,2083,0,20,1,1,2,3,1,0,0,0,0,1,0,0,0,0,0,0,0,1,0,0,0
53,1,1,2,8381,0,20,1,18,2,4,14,7,8,10,0,0,1,0,0,0,0,0,0,0,1,0,0
34,1,5,1,2691,0,12,0,10,4,2,10,9,8,8,0,1,0,0,0,0,0,0,0,1,0,0,0
45,2,4,2,4286,0,14,0,5,4,3,1,1,0,0,0,0,1,0,0,0,0,0,0,0,1,0,1
26,1,3,1,2659,1,13,0,3,2,3,3,2,0,2,0,1,0,0,0,1,0,0,0,0,0,0,0
37,1,3,3,9434,0,15,0,10,2,3,10,7,7,8,0,1,0,0,0,0,0,1,0,0,0,0,0
29,1,2,2,5561,0,14,0,6,5,2,6,0,1,2,0,0,1,0,0,0,0,0,0,0,1,0,0
35,1,4,2,6646,0,13,0,17,3,3,17,11,11,8,0,1,0,0,0,0,0,0,0,1,0,0,0
33,2,3,2,7725,0,23,1,15,2,1,13,11,4,7,0,1,0,1,0,0,0,0,0,0,0,0,0
54,1,4,3,10725,0,15,0,16,1,4,9,7,7,1,1,0,0,0,1,0,0,0,0,0,0,0,0
36,1,2,2,8847,1,11,0,13,2,3,3,2,0,2,0,1,0,0,0,0,0,1,0,0,0,0,0
27,1,4,1,2045,0,13,0,5,0,3,4,2,1,1,0,1,0,0,0,0,0,0,0,1,0,0,0
20,1,1,1,1009,1,11,0,1,5,3,1,0,1,1,0,1,0,0,0,0,0,0,0,1,0,0,1
33,2,3,1,3348,1,11,0,10,3,3,10,8,9,7,0,1,0,0,0,0,0,0,0,1,0,0,1
35,0,3,1,1281,0,18,0,1,3,3,1,0,0,0,0,1,0,0,0,1,0,0,0,0,0,0,0
23,1,3,1,2819,0,16,0,5,3,4,3,2,0,2,0,1,0,0,0,0,0,0,0,1,0,0,0
25,1,3,2,4851,0,22,1,4,4,3,3,2,1,2,0,0,1,0,0,0,0,0,0,0,1,0,0
38,1,4,2,4028,0,20,1,8,2,3,7,7,0,5,0,0,1,0,0,0,0,0,0,0,1,0,0
29,2,4,1,2720,0,18,0,10,5,3,10,7,2,8,0,1,0,0,0,0,0,0,0,1,0,0,0
48,1,1,2,8120,0,12,0,12,3,3,2,2,2,2,0,0,1,0,0,0,0,0,0,0,1,0,0
27,2,1,2,4647,1,20,1,6,3,3,6,5,0,4,0,0,1,0,0,0,0,0,0,0,1,0,0
37,1,2,1,4680,0,17,0,4,2,3,1,0,0,0,0,1,0,0,0,0,0,0,0,1,0,0,0
50,1,1,1,3221,1,11,0,20,3,3,20,8,3,8,0,1,0,0,0,1,0,0,0,0,0,0,0
34,1,3,3,8621,0,14,0,9,3,4,8,7,7,7,0,1,0,1,0,0,0,0,0,0,0,0,0
24,1,2,2,4577,0,14,0,4,3,3,2,2,2,0,0,0,1,0,0,0,0,0,0,0,1,0,1
39,1,4,2,4553,0,11,0,20,4,3,20,7,11,10,0,1,0,1,0,0,0,0,0,0,0,0,0
32,1,3,2,5396,0,12,0,10,2,2,10,7,0,8,0,0,1,0,0,0,0,0,0,0,1,0,0
50,2,2,2,6796,1,14,0,18,4,3,4,3,1,3,0,0,1,0,0,0,0,0,0,0,1,0,1
38,1,4,2,7625,0,13,0,10,4,2,9,7,1,8,0,1,0,1,0,0,0,0,0,0,0,0,0
27,1,2,3,7412,0,11,0,9,3,3,9,7,0,7,0,1,0,0,0,0,0,1,0,0,0,0,0
32,1,2,3,11159,0,15,0,10,6,3,7,7,7,7,0,1,0,0,0,0,0,0,1,0,0,0,0
47,1,4,2,4960,0,12,0,20,2,3,7,7,1,7,0,0,1,0,0,0,0,0,0,0,1,0,0
40,2,4,3,10475,1,21,1,20,2,3,18,13,1,12,0,0,1,0,0,0,0,0,0,0,1,0,0
53,1,3,4,14814,0,19,0,32,3,3,5,1,1,3,0,1,0,0,0,0,0,0,1,0,0,0,0
41,1,4,5,19141,0,15,0,23,2,2,21,6,12,6,1,0,0,0,0,0,1,0,0,0,0,0,0
60,1,4,2,5405,0,14,0,10,1,3,2,2,2,2,0,0,1,0,0,0,0,0,0,0,1,0,0
27,2,2,3,8793,0,21,1,9,4,2,9,7,1,7,0,1,0,0,0,0,0,1,0,0,0,0,0
41,1,3,5,19189,0,12,0,22,3,3,22,7,2,10,1,0,0,0,0,0,1,0,0,0,0,0,0
50,1,4,1,3875,0,15,0,4,2,3,2,2,2,2,0,0,1,0,0,0,0,0,0,0,0,1,0
28,1,2,1,2216,1,13,0,10,4,3,7,7,3,7,0,1,0,0,0,0,0,0,0,1,0,0,1
36,0,3,3,11713,0,14,0,10,2,3,8,7,0,5,0,1,0,0,0,0,0,0,1,0,0,0,0
38,1,3,3,7861,1,14,0,10,4,4,1,0,0,0,0,1,0,0,0,0,0,1,0,0,0,0,0
44,0,3,1,3708,0,14,0,9,5,3,5,2,1,4,0,1,0,0,0,1,0,0,0,0,0,0,0
47,2,3,4,13770,1,12,0,28,2,2,22,2,11,13,0,0,1,0,0,0,0,0,0,0,1,0,0
30,1,5,2,5304,0,23,1,10,2,2,8,7,7,7,0,0,1,0,0,0,0,0,0,0,1,0,0
29,1,3,1,2642,0,11,0,1,6,3,1,0,0,0,0,0,1,0,0,0,0,0,0,0,0,1,0
42,2,3,1,2759,1,12,0,7,2,3,2,2,2,2,0,1,0,0,0,0,0,0,0,1,0,0,1
43,2,3,2,6804,0,18,0,7,5,3,2,2,2,2,0,0,1,0,0,0,0,0,0,0,1,0,0
34,1,2,2,6142,0,11,0,10,2,3,5,1,4,3,0,1,0,1,0,0,0,0,0,0,0,0,0
23,1,1,1,2500,0,14,0,5,2,4,4,3,0,2,0,1,0,0,0,1,0,0,0,0,0,0,0
39,1,3,2,6389,0,15,0,12,3,1,8,3,3,6,1,0,0,0,1,0,0,0,0,0,0,0,0
56,1,3,4,11103,0,11,0,30,1,2,10,7,1,1,0,1,0,1,0,0,0,0,0,0,0,0,0
40,1,1,1,2342,1,20,1,5,2,2,4,2,2,3,0,1,0,0,0,0,0,0,0,1,0,0,0
27,1,3,2,6811,0,19,0,9,2,1,7,6,0,7,0,1,0,1,0,0,0,0,0,0,0,0,0
29,1,3,1,2297,0,14,0,2,2,3,2,2,2,2,0,0,1,0,0,0,0,0,0,0,0,1,0
53,1,3,2,2450,0,17,0,19,4,3,2,2,2,2,0,1,0,0,0,1,0,0,0,0,0,0,0
35,0,4,2,5093,0,11,0,16,2,4,1,0,0,0,0,1,0,1,0,0,0,0,0,0,0,0,0
32,2,4,2,5309,0,15,0,10,2,3,10,8,4,7,0,1,0,0,0,1,0,0,0,0,0,0,0
38,1,5,1,3057,1,13,0,6,0,1,1,0,0,1,0,1,0,0,0,0,0,0,0,1,0,0,0
34,1,5,2,5121,0,14,0,7,3,3,0,0,0,0,0,1,0,0,0,0,0,1,0,0,0,0,0
52,1,4,4,16856,0,11,0,34,3,4,34,6,1,16,0,0,1,0,0,0,1,0,0,0,0,0,0
33,1,4,1,2686,1,13,0,10,2,2,10,9,7,8,0,1,0,0,0,0,0,0,0,1,0,0,1
25,1,1,2,6180,0,23,1,6,5,2,6,5,1,4,0,0,1,0,0,0,0,0,0,0,1,0,0
45,1,2,2,6632,0,13,0,9,3,3,8,7,3,1,0,0,1,0,0,0,0,0,0,0,0,1,0
23,1,1,1,3505,0,18,0,2,3,3,2,2,0,2,0,1,0,0,0,0,0,0,0,1,0,0,0
47,2,2,2,6397,1,12,0,8,2,3,5,4,1,3,0,0,1,0,0,0,0,0,0,0,1,0,1
34,1,3,2,6274,0,22,1,6,5,3,6,5,1,4,0,0,1,0,0,0,0,0,0,0,1,0,0
55,1,3,5,19859,1,13,0,24,2,3,5,2,1,4,0,1,0,0,0,0,1,0,0,0,0,0,1
36,0,4,3,7587,0,15,0,10,1,3,10,7,0,9,0,0,1,0,0,0,0,0,0,0,1,0,0
52,0,4,1,4258,0,18,0,5,3,3,4,3,1,2,0,1,0,0,0,0,0,0,0,1,0,0,0
26,2,2,1,4364,0,14,0,5,2,3,2,2,2,0,0,1,0,0,0,1,0,0,0,0,0,0,0
29,1,3,2,4335,0,12,0,11,3,2,8,7,1,1,0,1,0,1,0,0,0,0,0,0,0,0,0
26,1,3,2,5326,0,17,0,6,2,2,4,3,1,2,0,0,1,0,0,0,0,0,0,0,1,0,1
34,1,4,1,3280,0,16,0,10,2,3,4,2,1,3,0,1,0,0,0,0,0,0,0,1,0,0,0
54,1,4,2,5485,1,11,0,9,4,3,5,3,1,4,0,1,0,0,0,0,0,1,0,0,0,0,0
27,2,1,2,4342,0,19,0,5,3,3,4,2,1,1,0,0,1,0,0,0,0,0,0,0,1,0,0
37,1,1,1,2782,1,13,0,6,3,2,5,3,4,3,0,1,0,0,0,0,0,0,0,1,0,0,0
38,2,4,2,5980,1,12,0,17,2,3,15,7,4,12,0,1,0,0,0,0,0,1,0,0,0,0,0
34,1,4,1,4381,0,11,0,6,3,3,6,5,1,3,0,1,0,0,0,0,0,0,0,1,0,0,0
35,1,4,1,2572,0,16,0,3,1,2,3,2,0,2,0,0,1,0,0,0,0,0,0,0,0,1,0
30,1,3,1,3833,0,21,1,7,2,3,2,2,0,2,0,1,0,0,0,1,0,0,0,0,0,0,0
40,2,2,2,4244,0,24,1,8,2,3,8,7,3,7,0,1,0,1,0,0,0,0,0,0,0,0,0
34,1,2,2,6500,0,17,0,6,1,3,3,2,1,2,0,0,1,0,0,0,0,0,0,0,1,0,0
42,2,3,5,18430,0,13,0,24,4,2,24,7,14,9,0,1,0,0,0,0,1,0,0,0,0,0,0
23,1,3,1,1601,1,21,1,1,2,3,0,0,0,0,0,1,0,0,0,1,0,0,0,0,0,0,1
24,0,3,1,2694,0,11,0,1,4,3,1,0,0,0,0,1,0,0,0,1,0,0,0,0,0,0,0
52,1,4,2,3149,0,20,1,9,3,3,5,2,1,4,0,1,0,0,0,1,0,0,0,0,0,0,0
50,1,3,4,17639,0,16,0,30,3,3,4,3,0,3,0,1,0,0,0,0,0,0,1,0,0,0,0
29,1,2,1,2319,1,11,0,1,1,3,1,0,0,0,0,1,0,0,0,1,0,0,0,0,0,0,1
33,1,3,3,11691,0,11,0,14,3,4,13,9,3,7,0,1,0,0,0,0,0,0,1,0,0,0,0
33,1,3,2,5324,0,15,0,6,3,3,3,2,0,2,0,0,1,0,0,0,0,0,0,0,1,0,1
47,1,2,4,16752,1,11,0,26,3,2,26,14,3,0,0,1,0,0,0,0,1,0,0,0,0,0,0
36,1,3,2,5228,0,15,0,10,2,3,9,7,0,5,0,1,0,0,0,0,0,1,0,0,0,0,0
29,1,2,1,2700,0,24,1,10,3,3,10,7,0,7,0,1,0,0,0,0,0,0,0,1,0,0,0
58,1,4,5,19246,1,12,0,40,2,3,31,15,13,8,0,1,0,0,0,0,0,0,1,0,0,0,1
35,1,4,1,2506,0,13,0,7,0,3,2,2,2,2,0,1,0,0,0,0,0,0,0,1,0,0,0
42,1,2,2,6062,1,13,0,8,4,3,4,3,0,2,0,1,0,0,0,0,0,1,0,0,0,0,0
28,1,4,1,4382,0,17,0,5,3,2,2,2,2,1,0,1,0,0,0,0,0,0,0,1,0,0,1
36,1,3,1,2143,0,13,0,8,2,3,5,2,0,4,1,0,0,0,1,0,0,0,0,0,0,0,0
32,1,3,2,6162,0,12,0,14,3,3,14,13,6,8,0,1,0,0,0,0,0,1,0,0,0,0,0
40,2,4,2,5094,0,14,0,10,6,3,1,0,0,0,0,1,0,0,0,1,0,0,0,0,0,0,0
30,1,3,2,6877,1,24,1,12,4,2,0,0,0,0,0,1,0,0,0,0,0,1,0,0,0,0,0
45,1,3,1,2274,0,14,0,1,3,3,1,0,0,0,0,1,0,0,0,0,0,0,0,1,0,0,0
42,1,3,2,4434,0,13,0,10,3,2,9,8,7,8,0,1,0,0,0,0,0,1,0,0,0,0,0
38,2,3,2,6288,0,15,0,13,3,2,4,3,1,2,0,1,0,1,0,0,0,0,0,0,0,0,0
34,2,4,1,2553,0,16,0,6,3,3,5,2,1,3,0,1,0,0,0,0,0,0,0,1,0,0,0
49,1,3,3,7654,0,18,0,9,3,4,9,8,7,7,0,0,1,0,0,0,0,0,0,0,1,0,1
55,1,1,2,5160,0,16,0,12,3,2,9,7,7,3,0,0,1,0,0,0,0,0,0,0,1,0,1
43,1,2,4,17159,0,24,1,22,3,3,4,1,1,0,0,1,0,0,0,0,0,0,1,0,0,0,0
27,1,1,3,12808,1,16,0,9,3,3,9,8,0,8,0,1,0,0,0,0,0,0,1,0,0,0,0
35,1,3,3,10221,0,21,1,17,3,4,8,5,1,6,0,1,0,0,0,0,0,1,0,0,0,0,0
28,1,4,2,4779,1,20,1,8,2,3,8,7,7,5,0,0,1,0,0,0,0,0,0,0,1,0,0
34,1,2,1,3737,0,19,0,4,1,1,3,2,0,2,1,0,0,0,1,0,0,0,0,0,0,0,0
26,2,2,1,2366,1,14,0,8,2,3,8,7,1,7,0,1,0,0,0,0,0,0,0,1,0,0,1
27,0,3,1,1706,0,11,0,0,6,2,0,0,0,0,0,1,0,0,0,0,0,0,0,1,0,0,0
51,1,4,4,16307,0,14,0,29,2,2,20,6,4,17,0,0,1,0,0,0,1,0,0,0,0,0,0
44,1,3,2,5933,0,12,0,10,2,2,5,2,2,3,0,1,0,1,0,0,0,0,0,0,0,0,0
25,1,1,1,3424,0,13,0,6,3,2,4,3,0,1,0,1,0,0,0,0,0,0,0,1,0,0,0
33,1,3,2,4037,0,22,1,9,5,3,9,8,0,8,0,0,1,0,0,0,0,0,0,0,1,0,0
35,1,1,1,2559,0,11,0,6,3,2,6,5,1,1,0,1,0,0,0,0,0,0,0,1,0,0,0
36,1,2,2,6201,1,14,0,18,1,2,18,14,4,11,0,0,1,0,0,0,0,0,0,0,1,0,0
32,1,4,2,4403,0,11,0,8,3,2,5,2,0,3,0,0,1,0,0,0,0,0,0,0,1,0,0
30,2,4,1,3761,0,12,0,10,3,2,5,4,0,3,0,1,0,0,0,0,0,0,0,1,0,0,0
53,1,2,3,10934,1,18,0,35,3,3,5,2,0,4,0,0,1,0,0,0,0,0,0,0,1,0,0
45,1,3,3,10761,1,12,0,18,2,3,5,4,0,2,0,0,1,0,0,0,0,0,0,0,1,0,0
32,1,2,2,5175,0,12,0,9,3,2,5,3,1,3,0,1,0,0,0,0,0,0,0,1,0,0,0
52,2,4,4,13826,0,22,1,31,3,3,9,8,0,0,0,1,0,0,0,0,0,1,0,0,0,0,0
37,1,4,2,6334,0,19,0,9,2,3,1,0,0,0,0,0,1,0,0,0,0,0,0,0,1,0,0
28,1,2,1,4936,0,13,0,6,6,3,5,1,0,4,1,0,0,0,1,0,0,0,0,0,0,0,0
22,1,2,2,4775,0,22,1,4,2,1,2,2,2,2,0,1,0,0,0,0,0,1,0,0,0,0,0
44,1,4,1,2818,1,24,1,10,2,2,3,2,0,2,0,1,0,0,0,1,0,0,0,0,0,0,0
42,2,1,1,2515,1,14,0,8,2,3,2,1,2,2,0,1,0,0,0,0,0,0,0,1,0,0,0
36,1,3,1,2342,0,21,1,6,3,3,5,4,0,3,1,0,0,0,1,0,0,0,0,0,0,0,0
25,1,1,2,4194,1,18,0,5,3,3,5,3,0,3,0,0,1,0,0,0,0,0,0,0,1,0,0
35,1,3,3,10685,1,20,1,17,2,3,17,14,5,15,0,1,0,0,0,0,0,1,0,0,0,0,0
35,2,4,1,2022,1,19,0,10,3,2,10,2,7,8,0,1,0,0,0,0,0,0,0,1,0,0,1
32,0,3,1,2314,0,12,0,4,2,3,3,0,0,2,0,1,0,0,0,1,0,0,0,0,0,0,0
25,1,1,2,4256,0,12,0,5,1,4,5,2,0,3,0,0,1,0,0,0,0,0,0,0,1,0,0
49,1,3,1,3580,0,16,0,7,2,3,4,2,0,2,0,1,0,0,0,0,0,0,0,1,0,0,0
24,0,1,1,3162,0,17,0,6,2,2,5,2,3,4,0,1,0,0,0,1,0,0,0,0,0,0,0
32,2,2,2,6524,0,14,0,10,3,3,10,8,5,3,0,0,1,0,0,0,0,0,0,0,1,0,0
38,1,3,1,2899,0,19,0,3,3,3,2,2,1,2,0,0,1,0,0,0,0,0,0,0,0,1,0
42,1,3,2,5231,1,13,0,17,1,2,5,3,1,3,0,1,0,0,0,1,0,0,0,0,0,0,0
31,1,4,1,2356,1,19,0,8,2,3,6,4,0,2,0,1,0,0,0,0,0,0,0,1,0,0,0
29,1,3,1,2800,1,19,0,5,3,3,3,2,0,2,0,0,1,0,0,0,0,0,0,0,0,1,1
53,1,3,4,11836,0,14,0,28,3,3,2,0,2,2,0,0,1,0,0,0,0,0,0,0,1,0,0
35,1,3,3,10903,0,16,0,16,2,3,13,10,4,8,0,1,0,0,0,0,0,1,0,0,0,0,0
37,2,2,1,2973,0,15,0,10,3,3,5,4,0,0,0,0,1,0,0,0,0,0,0,0,0,1,0
53,1,4,4,14275,0,18,0,33,0,3,12,9,3,8,0,1,0,0,0,0,0,0,1,0,0,0,0
43,2,3,2,5562,0,13,0,12,2,2,5,2,2,2,0,1,0,1,0,0,0,0,0,0,0,0,0
47,1,2,2,4537,1,22,1,8,2,3,7,6,7,7,0,0,1,0,0,0,0,0,0,0,1,0,0
37,0,2,3,7642,1,13,0,10,2,3,10,0,0,9,0,0,1,0,0,0,0,0,0,0,1,0,0
50,0,4,4,17924,0,11,0,31,3,3,31,6,14,7,0,1,0,0,0,0,1,0,0,0,0,0,0
39,1,3,2,5204,0,11,0,13,2,3,5,4,0,4,1,0,0,0,1,0,0,0,0,0,0,0,0
33,1,2,1,2277,1,11,0,7,4,4,4,3,0,3,1,0,0,0,1,0,0,0,0,0,0,0,0
32,1,4,1,2795,1,24,1,1,2,1,1,0,0,1,0,1,0,0,0,1,0,0,0,0,0,0,1
29,1,1,1,2532,0,14,0,8,5,3,4,3,0,3,0,1,0,0,0,1,0,0,0,0,0,0,0
44,1,2,1,2559,1,13,0,8,0,3,8,7,7,1,0,1,0,0,0,0,0,0,0,1,0,0,0
28,1,4,2,4908,0,14,0,4,3,3,4,2,0,2,0,0,1,0,0,0,0,0,0,0,1,0,0
58,2,1,1,2380,1,14,0,3,3,2,1,0,0,0,0,1,0,0,0,1,0,0,0,0,0,0,1
43,1,3,2,4765,0,21,1,4,2,4,1,0,0,0,0,1,0,0,0,0,0,1,0,0,0,0,0
20,1,3,1,2044,0,13,0,2,3,2,2,2,0,2,0,0,1,0,0,0,0,0,0,0,0,1,1
21,1,1,1,2693,0,19,0,1,3,2,1,0,0,0,0,1,0,0,0,0,0,0,0,1,0,0,1
36,1,1,2,6586,1,17,0,17,2,2,16,8,4,11,0,1,0,1,0,0,0,0,0,0,0,0,0
47,1,4,1,3294,1,18,0,3,3,2,3,2,1,2,0,0,1,0,0,0,0,0,0,0,0,1,0
22,1,1,2,4171,1,19,0,4,3,4,3,2,0,2,0,1,0,0,0,0,0,1,0,0,0,0,1
41,1,4,1,2778,1,13,0,10,1,2,7,7,1,0,0,1,0,0,0,1,0,0,0,0,0,0,1
28,1,3,1,2377,0,18,0,6,2,3,2,2,2,2,0,1,0,0,0,0,0,0,0,1,0,0,0
39,1,3,1,2404,1,21,1,8,2,1,2,2,2,2,0,1,0,0,0,1,0,0,0,0,0,0,1
27,1,3,1,2318,0,19,0,1,2,3,1,1,0,0,0,1,0,0,0,0,0,0,0,1,0,0,0
34,1,3,1,2008,0,14,0,1,3,3,1,0,1,0,0,1,0,0,0,1,0,0,0,0,0,0,0
42,1,2,2,6244,0,17,0,10,6,3,5,4,0,3,0,0,1,0,0,0,0,0,0,0,1,0,0
33,1,4,1,2799,1,11,0,6,1,3,3,2,0,2,0,1,0,0,0,0,0,0,0,1,0,0,0
58,1,3,3,10552,1,13,0,24,3,3,6,0,0,4,0,1,0,1,0,0,0,0,0,0,0,0,0
31,1,4,1,2329,0,15,0,13,2,4,7,7,5,2,0,0,1,0,0,0,0,0,0,0,0,1,0
35,1,1,2,4014,1,25,1,10,2,1,10,6,0,7,0,1,0,1,0,0,0,0,0,0,0,0,0
49,1,2,3,7403,0,11,0,29,3,2,26,9,1,7,0,1,0,0,0,1,0,0,0,0,0,0,0
48,1,4,1,2259,0,17,0,13,2,2,0,0,0,0,0,1,0,0,0,0,0,0,0,1,0,0,0
31,0,2,2,6932,0,13,0,9,2,2,9,8,0,0,0,0,1,0,0,0,0,0,0,0,1,0,0
36,1,4,1,4678,0,18,0,8,6,3,6,2,0,1,0,1,0,0,0,0,0,0,0,1,0,0,0
38,1,3,3,13582,0,13,0,15,3,3,15,12,5,11,0,1,0,0,0,0,0,0,1,0,0,0,0
32,0,3,1,2332,0,20,1,5,3,3,3,0,0,2,0,1,0,0,0,1,0,0,0,0,0,0,0
25,1,2,1,2413,1,18,0,1,2,3,1,0,0,0,0,0,1,0,0,0,0,0,0,0,0,1,1
40,1,4,3,9705,0,12,0,11,2,2,1,0,0,0,0,0,1,0,0,0,0,0,0,0,1,0,0
26,2,3,2,4294,0,12,0,7,2,3,7,7,0,7,0,0,1,0,0,0,0,0,0,0,1,0,0
41,1,3,1,4721,1,13,0,20,3,3,18,13,2,17,0,1,0,0,0,1,0,0,0,0,0,0,0
36,1,4,1,2519,0,21,1,16,6,3,11,8,3,9,0,1,0,0,0,1,0,0,0,0,0,0,0
19,1,3,1,2121,1,13,0,1,3,4,1,0,0,0,0,0,1,0,0,0,0,0,0,0,0,1,1
20,1,3,1,2973,0,19,0,1,2,3,1,0,0,0,0,1,0,0,0,1,0,0,0,0,0,0,1
31,1,3,2,5855,1,11,0,10,2,1,9,7,8,5,0,1,0,1,0,0,0,0,0,0,0,0,0
40,2,4,1,3617,1,14,0,3,2,3,1,1,0,0,0,1,0,0,0,0,0,0,0,1,0,0,0
32,1,4,2,6725,0,12,0,8,2,4,8,7,6,3,0,1,0,0,0,0,0,1,0,0,0,0,0
36,1,1,3,10325,1,11,0,16,6,3,16,7,3,7,0,0,1,0,0,0,0,0,0,0,1,0,1
33,1,3,2,6949,0,14,0,6,3,3,5,0,1,4,0,1,0,1,0,0,0,0,0,0,0,0,0
37,1,4,3,10609,0,11,0,17,2,1,14,1,11,7,0,0,1,0,0,0,0,0,0,0,1,0,1
45,0,2,2,4447,0,12,0,9,5,2,9,7,0,8,0,1,0,0,0,1,0,0,0,0,0,0,0
29,2,3,1,2157,0,15,0,3,5,3,3,1,0,2,0,0,1,0,0,0,0,0,0,0,0,1,0
35,1,3,2,4601,0,16,0,5,3,3,5,2,1,0,0,0,1,0,0,0,0,0,0,0,1,0,0
52,1,2,4,17099,0,15,0,26,2,2,9,8,7,8,0,1,0,0,0,0,1,0,0,0,0,0,0
58,1,3,1,2479,0,24,1,7,4,3,1,0,0,0,0,1,0,0,0,0,0,0,0,1,0,0,1
53,1,2,4,14852,0,13,0,22,3,4,17,13,15,2,0,0,1,0,0,0,1,0,0,0,0,0,0
30,1,2,3,7264,0,11,0,10,2,4,8,4,7,7,0,0,1,0,0,0,0,0,0,0,1,0,0
38,0,3,2,5666,1,13,0,6,1,3,5,3,1,3,0,0,1,0,0,0,0,0,0,0,1,0,0
35,1,4,3,7823,0,13,0,12,2,3,10,9,0,8,0,0,1,0,0,0,0,0,0,0,1,0,0
39,1,5,3,7880,0,18,0,9,3,3,8,7,0,7,0,0,1,0,0,0,0,0,0,0,1,0,0
40,0,3,4,13194,1,16,0,22,2,2,1,0,0,0,0,0,1,0,0,0,0,0,0,0,1,0,1
47,2,4,2,5067,1,19,0,20,3,4,19,10,2,7,0,1,0,0,0,0,0,1,0,0,0,0,0
36,0,4,2,5079,0,13,0,12,3,3,7,7,0,7,0,0,1,0,0,0,0,0,0,0,1,0,0
31,0,2,1,2321,1,22,1,4,0,3,3,2,1,2,0,1,0,0,0,0,0,0,0,1,0,0,1
33,0,3,4,17444,0,11,0,10,2,3,10,8,6,0,0,0,1,0,0,0,1,0,0,0,0,0,0
29,1,3,1,2404,1,20,1,3,5,3,0,0,0,0,0,1,0,0,0,0,0,0,0,1,0,0,1
33,1,1,1,3452,0,18,0,5,4,3,3,2,0,2,0,1,0,0,0,0,0,0,0,1,0,0,0
45,1,4,1,2270,0,14,0,8,2,3,5,3,0,2,0,1,0,0,0,1,0,0,0,0,0,0,0
50,1,2,4,17399,0,22,1,32,1,2,5,4,1,3,0,1,0,0,0,0,0,0,1,0,0,0,0
33,2,4,2,5488,1,13,0,6,2,3,6,5,1,2,0,1,0,1,0,0,0,0,0,0,0,0,0
41,2,3,5,19419,0,17,0,21,2,4,18,16,0,11,0,1,0,0,0,0,0,0,1,0,0,0,0
27,1,4,1,2811,0,14,0,4,2,3,2,2,2,2,0,1,0,0,0,1,0,0,0,0,0,0,0
45,0,2,2,3633,1,15,0,9,2,3,9,8,0,8,0,1,0,0,0,1,0,0,0,0,0,0,0
47,1,2,2,4163,1,17,0,9,0,3,9,0,0,7,0,0,1,0,0,0,0,0,0,0,1,0,0
30,1,3,1,2132,1,11,0,7,2,3,5,2,0,1,0,1,0,0,0,0,0,0,0,1,0,0,1
50,1,3,4,13973,1,18,0,22,2,3,12,11,1,5,0,1,0,0,0,0,0,1,0,0,0,0,0
38,2,1,1,2684,0,17,0,3,0,2,2,1,0,2,0,1,0,0,0,0,0,0,0,1,0,0,0
46,1,2,3,10845,0,13,0,13,3,3,8,7,0,7,0,1,0,0,0,0,0,1,0,0,0,0,0
24,1,1,2,4377,0,15,0,5,6,3,4,2,3,2,0,1,0,0,0,0,0,1,0,0,0,0,0
35,1,4,1,3743,1,24,1,5,2,1,4,2,0,2,0,1,0,0,0,1,0,0,0,0,0,0,1
31,2,1,2,4148,0,12,0,4,1,3,4,3,0,3,0,1,0,0,0,0,0,1,0,0,0,0,0
18,0,2,1,1051,0,15,0,0,2,3,0,0,0,0,0,1,0,0,0,0,0,0,0,1,0,0,0
54,1,3,3,10739,0,11,0,22,2,3,10,7,0,8,0,1,0,0,0,0,0,1,0,0,0,0,0
35,1,4,3,10388,1,11,0,16,3,2,16,10,10,1,0,1,0,1,0,0,0,0,0,0,0,0,0
30,1,2,3,11416,1,12,0,9,4,2,8,7,1,7,0,1,0,0,0,0,0,0,1,0,0,0,0
20,1,3,1,2600,1,15,0,1,2,3,1,0,0,0,0,1,0,0,0,0,0,0,0,1,0,0,1
30,2,3,1,2422,0,17,0,4,3,3,3,2,1,2,0,1,0,0,0,1,0,0,0,0,0,0,1
26,1,2,2,5472,0,12,0,8,2,3,8,7,1,3,0,1,0,0,0,0,0,1,0,0,0,0,0
22,1,1,1,2451,0,15,0,4,3,2,4,3,1,1,0,1,0,0,0,1,0,0,0,0,0,0,0
48,1,3,2,4240,0,13,0,19,0,3,2,2,2,2,0,1,0,1,0,0,0,0,0,0,0,0,0
48,1,4,3,10999,0,14,0,27,3,3,15,11,4,8,0,1,0,1,0,0,0,0,0,0,0,0,0
41,1,2,2,5003,0,14,0,8,6,3,2,2,2,1,0,1,0,0,0,0,0,1,0,0,0,0,0
39,1,1,4,12742,0,16,0,21,3,3,21,6,11,8,0,1,0,0,0,0,0,1,0,0,0,0,0
27,1,4,2,4227,0,18,0,4,2,3,3,2,2,2,0,1,0,0,0,0,0,1,0,0,0,0,0
35,1,3,1,3917,0,20,1,3,4,2,3,2,1,2,0,1,0,0,0,1,0,0,0,0,0,0,0
42,1,2,5,18303,0,13,0,21,3,4,1,0,0,0,0,0,1,0,0,0,1,0,0,0,0,0,0
50,1,3,1,2380,0,18,0,8,5,3,1,0,0,0,0,1,0,0,0,1,0,0,0,0,0,0,0
59,1,3,4,13726,1,13,0,30,4,3,5,3,4,3,0,1,0,0,0,0,0,1,0,0,0,0,0
37,1,2,2,4777,0,15,0,15,2,1,1,0,0,0,0,1,0,1,0,0,0,0,0,0,0,0,1
55,2,4,2,6385,1,14,0,17,3,3,8,7,6,7,0,1,0,1,0,0,0,0,0,0,0,0,0
41,0,1,5,19973,0,22,1,21,3,3,21,16,5,10,0,1,0,0,0,0,0,0,1,0,0,0,0
38,1,4,2,6861,1,12,0,19,1,3,1,0,0,0,0,0,1,0,0,0,0,0,0,0,1,0,0
26,0,2,2,4969,0,18,0,7,6,3,2,2,2,2,0,0,1,0,0,0,0,0,0,0,1,0,1
52,1,1,5,19845,0,15,0,33,3,3,32,14,6,9,0,0,1,0,0,0,1,0,0,0,0,0,1
44,1,3,4,13320,1,18,0,23,2,3,12,11,11,11,0,0,1,0,0,0,0,0,0,0,1,0,0
50,0,3,2,6347,0,12,0,19,3,3,18,7,0,13,0,0,1,0,0,0,0,0,0,0,1,0,0
36,1,4,1,2743,0,16,0,18,1,3,17,13,15,14,0,1,0,0,0,1,0,0,0,0,0,0,1
39,2,3,3,10880,1,13,0,21,2,3,21,6,2,8,0,1,0,0,0,0,0,1,0,0,0,0,0
33,0,1,1,2342,0,19,0,3,2,2,2,2,2,2,0,0,1,0,0,0,0,0,0,0,0,1,0
45,1,2,4,17650,0,13,0,26,4,4,9,3,1,1,0,0,1,0,0,0,1,0,0,0,0,0,0
32,0,4,1,4025,0,12,0,10,2,3,8,7,7,7,0,1,0,0,0,1,0,0,0,0,0,0,0
34,1,4,2,9725,0,11,0,16,2,2,15,1,0,9,0,0,1,0,0,0,0,0,0,0,1,0,0
59,1,2,3,11904,1,14,0,14,1,1,6,4,0,4,0,0,1,0,0,0,1,0,0,0,0,0,0
45,1,4,1,2177,0,16,0,6,3,3,6,3,0,4,1,0,0,0,1,0,0,0,0,0,0,0,0
53,2,3,3,7525,0,12,0,30,2,3,15,7,6,12,0,0,1,0,0,0,0,0,0,0,1,0,0
36,1,3,2,4834,0,14,0,9,3,2,1,0,0,0,0,1,0,0,0,1,0,0,0,0,0,0,1
26,2,3,1,2042,1,14,0,6,2,3,3,2,1,2,0,1,0,0,0,0,0,0,0,1,0,0,1
34,1,4,1,2220,1,19,0,1,2,3,1,1,0,0,0,0,1,0,0,0,0,0,0,0,0,1,0
28,1,1,1,1052,0,22,1,1,5,3,1,0,0,0,0,0,1,0,0,0,0,0,0,0,0,1,0
38,2,4,1,2821,0,16,0,8,2,3,2,2,2,2,0,1,0,0,0,0,0,0,0,1,0,0,0
50,1,4,5,19237,1,11,0,29,2,2,8,1,7,7,0,1,0,0,0,0,0,0,1,0,0,0,0
37,1,3,2,4107,0,15,0,8,3,2,4,3,0,1,0,1,0,1,0,0,0,0,0,0,0,0,0
40,1,3,2,8396,0,14,0,8,3,2,7,7,7,5,0,0,1,0,0,0,0,0,0,0,1,0,0
26,2,1,1,2007,0,13,0,5,5,3,5,3,1,3,0,1,0,0,0,0,0,0,0,1,0,0,0
46,1,4,5,19627,0,17,0,23,0,3,2,2,2,2,0,1,0,0,0,0,0,0,1,0,0,0,0
54,1,4,3,10686,0,11,0,13,4,3,9,4,7,0,0,0,1,0,0,0,0,0,0,0,1,0,0
56,2,3,1,2942,0,19,0,18,4,3,5,4,0,3,0,1,0,0,0,0,0,0,0,1,0,0,0
36,1,5,3,8858,0,11,0,15,2,2,14,8,7,8,0,1,0,0,0,0,0,1,0,0,0,0,0
55,0,1,4,16756,0,15,0,31,3,4,9,7,6,2,0,1,0,0,0,0,1,0,0,0,0,0,0
43,1,3,3,10798,0,13,0,18,5,3,1,0,0,0,0,0,1,0,0,0,0,0,0,0,1,0,0
20,2,3,1,2323,1,14,0,2,3,3,2,2,0,2,0,0,1,0,0,0,0,0,0,0,0,1,1
21,1,3,1,1416,0,13,0,1,6,2,1,0,1,0,0,1,0,0,0,1,0,0,0,0,0,0,1
46,1,4,2,4615,1,23,1,19,2,3,16,13,1,7,0,1,0,0,0,0,0,0,0,1,0,0,0
51,1,4,1,2461,1,12,0,18,2,4,10,0,2,7,0,1,0,0,0,0,0,0,0,1,0,0,1
28,0,2,3,8722,0,12,0,10,2,2,10,7,1,9,0,1,0,1,0,0,0,0,0,0,0,0,1
26,1,2,1,3955,0,16,0,6,2,3,5,3,1,3,0,1,0,0,0,1,0,0,0,0,0,0,0
30,1,3,2,9957,0,15,0,7,1,2,6,2,0,2,0,1,0,0,0,0,0,1,0,0,0,0,0
41,1,2,1,3376,0,13,0,10,3,3,10,6,0,8,0,1,0,0,0,0,0,0,0,1,0,0,0
38,1,1,3,8823,0,18,0,20,4,2,19,9,1,9,0,1,0,1,0,0,0,0,0,0,0,0,0
40,1,4,3,10322,0,20,1,14,6,3,11,10,11,1,0,1,0,1,0,0,0,0,0,0,0,0,0
27,0,5,1,4621,0,19,0,3,4,3,3,2,1,2,0,1,0,0,0,1,0,0,0,0,0,0,0
55,2,1,3,10976,0,18,0,23,4,3,3,2,1,2,0,1,0,0,0,0,0,1,0,0,0,0,0
28,1,3,2,3660,0,13,0,10,4,4,8,7,1,7,0,1,0,0,0,0,0,0,0,1,0,0,0
44,1,2,3,10482,0,14,0,24,1,3,20,6,3,6,1,0,0,0,1,0,0,0,0,0,0,0,1
33,1,3,3,7119,0,15,0,9,2,3,3,2,1,2,0,1,0,1,0,0,0,0,0,0,0,0,0
35,1,3,3,9582,1,22,1,9,2,3,8,7,4,7,0,0,1,0,0,0,0,0,0,0,1,0,1
33,2,4,2,4508,0,22,1,14,4,3,13,7,3,8,0,1,0,0,0,0,0,0,0,1,0,0,1
28,1,2,1,2207,0,16,0,4,5,2,4,2,2,2,0,1,0,0,0,1,0,0,0,0,0,0,0
34,2,1,2,7756,0,17,0,7,1,2,6,2,0,4,0,1,0,1,0,0,0,0,0,0,0,0,0
37,1,4,2,6694,1,14,0,8,5,3,1,0,0,0,0,0,1,0,0,0,0,0,0,0,1,0,0
25,1,1,1,3691,1,15,0,7,3,4,7,7,5,6,0,1,0,0,0,1,0,0,0,0,0,0,1
26,1,3,1,2377,0,20,1,1,0,2,1,1,0,0,0,1,0,0,0,1,0,0,0,0,0,0,1
33,1,3,1,2313,1,20,1,5,0,3,2,2,2,2,0,1,0,0,0,0,0,0,0,1,0,0,1
42,1,2,4,17665,0,17,0,23,3,3,22,6,13,7,0,1,0,0,0,0,1,0,0,0,0,0,0
28,2,3,1,2596,0,15,0,1,2,3,1,0,0,0,0,1,0,0,0,1,0,0,0,0,0,0,1
50,2,4,2,4728,1,14,0,5,4,3,0,0,0,0,0,0,1,0,0,0,0,0,0,0,1,0,1
33,2,3,2,4302,0,17,0,4,3,3,3,2,0,2,0,0,1,0,0,0,0,0,0,0,1,0,0
34,0,4,1,2979,0,17,0,6,2,3,0,0,0,0,0,1,0,0,0,0,0,0,0,1,0,0,0
48,0,4,4,16885,0,22,1,27,3,2,5,4,2,1,0,1,0,0,0,0,1,0,0,0,0,0,0
45,0,4,2,5593,0,13,0,15,2,3,15,10,4,12,0,0,1,0,0,0,0,0,0,0,1,0,0
52,1,4,3,10445,0,19,0,18,4,3,8,6,4,0,0,1,0,1,0,0,0,0,0,0,0,0,0
38,1,4,3,8740,1,14,0,9,2,3,8,7,2,7,0,0,1,0,0,0,0,0,0,0,1,0,0
29,1,4,1,2514,0,22,1,11,1,3,7,5,1,7,0,1,0,0,0,0,0,0,0,1,0,0,0
28,1,3,3,7655,0,17,0,10,3,2,9,7,1,7,0,1,0,0,0,0,0,1,0,0,0,0,0
46,1,1,4,17465,0,12,0,23,3,3,12,9,4,9,0,0,1,0,0,0,1,0,0,0,0,0,0
38,1,2,3,7351,0,16,0,10,2,3,1,0,0,0,0,0,1,0,0,0,0,0,0,0,1,0,0
43,2,3,3,10820,0,11,0,18,1,3,8,7,0,1,0,1,0,0,0,0,0,1,0,0,0,0,0
39,2,3,4,12169,0,11,0,21,4,3,18,7,11,5,0,1,0,1,0,0,0,0,0,0,0,0,1
40,1,3,5,19626,0,14,0,21,2,4,20,7,4,9,0,1,0,0,0,0,0,0,1,0,0,0,0
21,1,1,1,2070,1,11,0,2,6,4,2,2,2,2,0,1,0,0,0,0,0,0,0,1,0,0,0
39,0,3,2,6782,0,15,0,9,2,2,5,4,0,3,0,1,0,0,0,1,0,0,0,0,0,0,0
36,0,4,2,7779,0,20,1,18,0,3,11,9,0,9,0,1,0,0,0,0,0,1,0,0,0,0,0
31,2,3,1,2791,0,12,0,3,4,3,2,2,2,2,0,0,1,0,0,0,0,0,0,0,0,1,0
28,1,1,1,3201,0,17,0,6,2,1,5,3,0,4,0,1,0,0,0,0,0,0,0,1,0,0,0
35,2,2,2,4968,0,11,0,5,3,3,5,2,0,2,0,0,1,0,0,0,0,0,0,0,1,0,0
49,1,4,4,13120,0,17,0,22,3,3,9,8,2,3,0,0,1,0,0,0,0,0,0,0,1,0,0
34,2,2,2,4033,0,11,0,5,3,2,3,2,0,2,0,1,0,0,0,0,0,1,0,0,0,0,0
29,2,3,1,3291,0,14,0,8,2,2,7,5,1,1,0,1,0,0,0,0,0,0,0,1,0,0,0
42,1,3,2,4272,0,19,0,16,3,3,1,0,0,0,0,1,0,0,0,1,0,0,0,0,0,0,0
29,1,1,2,5056,1,15,0,10,2,2,10,7,1,2,0,1,0,0,0,0,0,1,0,0,0,0,0
38,1,3,1,2844,0,13,0,7,2,4,7,6,5,0,1,0,0,0,1,0,0,0,0,0,0,0,0
28,2,3,1,2703,1,14,0,3,2,3,3,1,0,2,0,1,0,0,0,0,0,0,0,1,0,0,0
18,0,1,1,1904,0,12,0,0,0,3,0,0,0,0,0,1,0,0,0,1,0,0,0,0,0,0,1
33,1,4,2,8224,1,17,0,6,3,3,5,2,0,3,0,0,1,0,0,0,0,0,0,0,1,0,1
41,1,4,1,4766,1,11,0,6,4,3,1,0,0,0,0,1,0,0,0,1,0,0,0,0,0,0,0
31,2,3,1,2610,0,12,0,2,5,2,2,2,2,2,0,1,0,0,0,1,0,0,0,0,0,0,1
37,1,2,2,5731,0,13,0,9,2,3,6,2,1,3,0,1,0,1,0,0,0,0,0,0,0,0,0
27,1,3,1,2539,0,13,0,4,0,3,4,2,2,2,0,1,0,0,0,0,0,0,0,1,0,0,0
34,1,1,2,5714,0,20,1,6,3,2,6,5,1,3,0,0,1,0,0,0,0,0,0,0,1,0,0
35,1,4,1,4323,0,17,0,6,2,1,5,4,1,4,1,0,0,0,1,0,0,0,0,0,0,0,0
29,1,1,3,7336,0,13,0,11,3,1,11,8,3,10,0,0,1,0,0,0,0,0,0,0,1,0,1
40,2,4,3,13499,0,17,0,20,3,2,18,7,2,13,0,1,0,0,0,0,0,0,1,0,0,0,0
42,2,3,4,13758,1,12,0,22,2,2,21,9,13,14,0,0,1,0,0,0,0,0,0,0,1,0,1
42,1,4,2,5155,0,13,0,9,3,4,6,4,1,5,0,0,1,0,0,0,0,0,0,0,1,0,0
35,1,4,1,2258,0,12,0,10,2,3,8,0,1,7,0,1,0,0,0,1,0,0,0,0,0,0,0
24,1,3,1,3597,0,22,1,6,2,3,4,3,1,2,0,1,0,0,0,1,0,0,0,0,0,0,0
28,1,1,1,2515,1,11,0,1,4,2,1,1,0,0,0,1,0,0,0,1,0,0,0,0,0,0,1
26,1,4,1,4420,0,22,1,8,2,3,8,7,0,7,0,1,0,0,0,1,0,0,0,0,0,0,0
30,1,3,2,6578,0,18,0,10,3,3,10,3,1,4,0,0,1,0,0,0,0,0,0,0,1,0,0
40,2,2,2,4422,1,13,0,16,3,1,1,1,0,0,0,1,0,0,0,0,0,0,0,1,0,0,0
35,1,3,3,10274,0,18,0,15,2,4,7,7,6,4,0,1,0,0,0,0,0,1,0,0,0,0,0
34,2,3,2,5343,0,20,1,14,3,3,13,9,4,9,0,1,0,1,0,0,0,0,0,0,0,0,0
35,2,4,1,2376,0,13,0,2,2,4,2,2,2,2,0,1,0,0,0,1,0,0,0,0,0,0,0
43,1,3,2,5346,0,13,0,7,2,2,4,3,1,3,0,0,1,0,0,0,0,0,0,0,1,0,1
32,0,1,1,2827,0,12,0,1,3,3,1,0,0,0,0,0,1,0,0,0,0,0,0,0,0,1,0
56,1,4,5,19943,0,13,0,28,2,3,5,2,4,2,0,1,0,0,0,0,1,0,0,0,0,0,0
29,1,1,1,3131,0,13,0,10,5,3,10,8,0,8,0,1,0,0,0,1,0,0,0,0,0,0,0
19,1,2,1,2552,0,25,1,1,4,3,1,1,0,0,0,1,0,0,0,0,0,0,0,1,0,0,0
45,1,3,1,4477,1,19,0,7,2,2,3,2,0,2,0,1,0,0,0,0,0,0,0,1,0,0,0
37,1,3,2,6474,0,13,0,14,2,2,14,8,3,11,0,1,0,0,0,0,0,1,0,0,0,0,0
20,1,3,1,3033,0,12,0,2,2,2,2,2,1,2,0,1,0,0,0,1,0,0,0,0,0,0,0
44,1,4,1,2936,1,11,0,6,4,3,6,4,0,2,0,1,0,0,0,0,0,0,0,1,0,0,1
53,1,2,5,18606,0,18,0,26,6,3,7,7,4,7,0,1,0,0,0,0,1,0,0,0,0,0,0
29,1,1,1,2168,1,18,0,6,2,2,5,4,1,3,0,1,0,0,0,0,0,0,0,1,0,0,0
22,2,4,1,2853,1,11,0,1,5,3,0,0,0,0,0,1,0,0,0,0,0,0,0,1,0,0,1
46,1,3,4,17048,0,23,1,28,2,3,26,15,15,9,0,0,1,0,0,0,1,0,0,0,0,0,0
44,0,3,1,2290,0,13,0,6,3,3,0,0,0,0,0,1,0,0,0,0,0,0,0,1,0,0,0
33,1,3,1,3600,0,13,0,5,2,3,5,4,1,4,1,0,0,0,1,0,0,0,0,0,0,0,0
41,0,2,1,2107,0,17,0,5,2,1,1,0,0,0,0,1,0,0,0,0,0,0,0,1,0,0,1
30,1,4,2,4115,0,19,0,8,3,3,4,3,0,3,0,0,1,0,0,0,0,0,0,0,1,0,0
40,2,4,2,4327,0,12,0,5,2,3,0,0,0,0,0,0,1,0,0,0,0,0,0,0,1,0,0
50,2,3,4,17856,0,22,1,32,3,3,2,2,2,2,0,1,0,0,0,0,1,0,0,0,0,0,0
28,1,4,1,3196,0,12,0,6,2,3,6,5,3,3,0,1,0,0,0,1,0,0,0,0,0,0,0
46,1,2,5,19081,0,11,0,25,2,3,4,2,0,3,0,1,0,0,0,0,0,0,1,0,0,0,0
35,1,4,2,8966,1,15,0,15,2,3,7,7,1,7,0,0,1,0,0,0,0,0,0,0,1,0,0
24,1,2,1,2210,0,13,0,1,3,1,1,0,0,0,0,1,0,0,0,1,0,0,0,0,0,0,1
33,2,3,2,4539,0,12,0,10,3,2,10,7,0,1,0,0,1,0,0,0,0,0,0,0,1,0,0
36,1,4,1,2741,0,14,0,7,4,3,7,7,1,7,0,1,0,0,0,1,0,0,0,0,0,0,0
30,1,4,2,3491,0,13,0,10,4,2,10,7,8,9,0,1,0,0,0,1,0,0,0,0,0,0,0
44,1,4,2,4541,0,25,1,20,3,3,20,11,13,17,0,1,0,0,0,0,0,0,0,1,0,0,0
20,1,3,1,2678,0,17,0,2,2,3,2,1,2,2,0,0,1,0,0,0,0,0,0,0,0,1,0
46,1,4,2,7379,0,11,0,12,3,2,6,3,1,4,0,1,0,0,0,0,0,1,0,0,0,0,0
42,0,5,2,6272,0,16,0,10,3,4,4,3,0,3,1,0,0,0,1,0,0,0,0,0,0,0,0
60,1,4,2,5220,1,18,0,12,3,3,11,7,1,9,0,0,1,0,0,0,0,0,0,0,1,0,0
32,2,3,1,2743,0,20,1,2,2,3,2,2,2,2,0,1,0,0,0,1,0,0,0,0,0,0,0
32,2,2,2,4998,1,14,0,10,2,3,8,7,0,7,0,1,0,0,0,0,0,0,0,1,0,0,0
36,1,3,3,10252,1,21,1,17,2,3,7,7,7,7,0,1,0,0,0,0,0,1,0,0,0,0,0
33,1,3,1,2781,0,13,0,15,5,3,14,10,4,10,0,1,0,0,0,0,0,0,0,1,0,0,0
40,1,3,2,6852,0,12,0,7,2,4,5,1,1,3,0,0,1,0,0,0,0,0,0,0,1,0,0
25,1,4,2,4950,0,14,0,5,4,3,4,3,1,1,0,0,1,0,0,0,0,0,0,0,1,0,0
30,1,3,1,3579,1,21,1,12,2,3,11,9,5,7,0,1,0,0,0,0,0,0,0,1,0,0,0
42,2,5,3,13191,1,17,0,20,6,3,1,0,0,0,0,1,0,0,0,0,0,0,1,0,0,0,0
35,0,2,3,10377,1,11,0,16,6,2,13,2,4,12,0,0,1,0,0,0,0,0,0,0,1,0,0
27,1,3,1,2235,1,14,0,9,3,2,9,7,6,8,0,1,0,0,0,0,0,0,0,1,0,0,0
54,2,4,3,10502,0,17,0,33,2,1,5,4,1,4,0,1,0,0,0,0,0,1,0,0,0,0,0
44,1,1,1,2011,0,13,0,10,5,3,10,5,7,7,0,1,0,0,0,0,0,0,0,1,0,0,0
19,0,3,1,1859,1,25,1,1,2,4,1,1,0,0,0,1,0,0,0,0,0,0,0,1,0,0,1
29,1,3,1,3760,0,15,0,3,5,3,3,2,1,2,0,1,0,0,0,0,0,0,0,1,0,0,0
54,1,3,4,17779,0,14,0,36,2,3,10,9,0,9,0,1,0,0,0,0,0,0,1,0,0,0,0
31,1,2,2,6833,1,12,0,6,2,2,6,5,0,1,0,1,0,1,0,0,0,0,0,0,0,0,0
31,1,3,2,6812,0,19,0,10,2,3,10,9,1,8,0,1,0,1,0,0,0,0,0,0,0,0,0
59,1,3,2,5171,0,17,0,13,2,3,6,1,0,5,0,0,1,0,0,0,0,0,0,0,1,0,0
43,1,3,5,19740,0,14,0,25,2,3,8,7,0,7,0,1,0,0,0,0,0,0,1,0,0,0,0
49,1,2,5,18711,0,13,0,23,2,4,1,0,0,0,0,1,0,0,0,0,1,0,0,0,0,0,0
36,2,3,1,3692,0,12,0,12,2,2,11,10,0,7,0,1,0,0,0,0,0,0,0,1,0,0,0
48,1,2,1,2559,0,11,0,7,4,2,1,0,0,0,0,1,0,0,0,1,0,0,0,0,0,0,0
27,1,2,1,2517,0,11,0,5,2,3,5,3,0,3,0,1,0,0,0,0,0,0,0,1,0,0,0
29,1,3,2,6623,1,11,0,6,2,3,6,0,1,0,0,1,0,1,0,0,0,0,0,0,0,0,0
48,1,3,5,18265,0,12,0,25,3,4,1,0,0,0,0,1,0,0,0,0,0,0,1,0,0,0,0
29,1,3,4,16124,0,14,0,9,2,2,7,7,1,7,0,1,0,0,0,0,0,0,1,0,0,0,0
34,1,3,1,2585,0,17,0,2,5,2,1,0,0,0,0,1,0,0,0,0,0,0,0,1,0,0,0
44,1,3,5,18213,0,11,0,26,5,3,22,9,3,10,0,0,1,0,0,0,1,0,0,0,0,0,0
33,1,5,3,8380,1,14,0,10,3,3,9,8,0,8,0,0,1,0,0,0,0,0,0,0,1,0,0
19,1,3,1,2994,1,12,0,1,2,3,1,0,0,1,0,1,0,0,0,0,0,0,0,1,0,0,0
23,1,2,1,1223,0,22,1,1,2,3,1,0,0,1,0,1,0,0,0,0,0,0,0,1,0,0,0
25,2,1,1,1118,1,14,0,1,4,3,1,0,1,0,0,0,1,0,0,0,0,0,0,0,0,1,1
26,1,2,1,2875,1,20,1,8,2,2,8,5,2,2,0,1,0,0,0,0,0,0,0,1,0,0,0
45,1,3,5,18824,1,16,0,26,2,3,24,10,1,11,0,0,1,0,0,0,1,0,0,0,0,0,1
55,0,1,4,13577,1,15,0,34,3,3,33,9,15,0,0,1,0,1,0,0,0,0,0,0,0,0,0
21,2,2,1,2625,0,20,1,2,2,1,2,2,2,2,0,1,0,0,0,1,0,0,0,0,0,0,1
46,1,2,5,18789,0,14,0,26,2,3,11,4,0,8,0,0,1,0,0,0,1,0,0,0,0,0,0
34,1,3,2,4538,1,12,0,4,3,3,3,2,0,2,0,0,1,0,0,0,0,0,0,0,1,0,0
51,2,3,5,19847,1,24,1,31,5,2,29,10,11,10,0,0,1,0,0,0,1,0,0,0,0,0,0
59,1,4,3,10512,0,12,0,25,6,2,9,7,5,4,0,1,0,0,0,0,0,1,0,0,0,0,0
34,2,3,2,4444,0,13,0,15,2,4,11,8,5,10,0,1,0,0,0,1,0,0,0,0,0,0,0
28,2,4,1,2154,1,11,0,5,2,2,4,2,0,2,0,1,0,0,0,1,0,0,0,0,0,0,0
44,1,2,5,19190,0,14,0,26,4,2,25,9,14,13,0,1,0,0,0,0,1,0,0,0,0,0,0
34,2,3,2,4490,0,11,0,14,5,4,10,9,1,8,1,0,0,0,1,0,0,0,0,0,0,0,0
35,1,1,1,3506,1,14,0,4,3,3,3,2,2,2,0,1,0,0,0,0,0,0,0,1,0,0,0
42,1,4,2,2372,1,16,0,18,2,3,1,0,0,0,0,1,0,0,0,0,0,0,0,1,0,0,0
43,1,4,3,10231,0,14,0,23,3,4,21,7,15,17,0,0,1,0,0,0,0,0,0,0,1,0,0
36,1,4,2,5410,1,11,0,18,2,3,16,14,5,12,0,1,0,0,0,0,0,1,0,0,0,0,0
44,1,3,3,7978,0,11,0,10,2,3,10,7,0,5,0,1,0,1,0,0,0,0,0,0,0,0,1
28,2,3,1,3867,1,12,0,2,2,3,2,2,2,2,0,1,0,0,0,1,0,0,0,0,0,0,0
51,2,2,1,2838,0,14,0,8,6,2,7,0,7,7,0,1,0,0,0,1,0,0,0,0,0,0,0
30,0,2,2,4695,1,18,0,10,3,3,8,4,1,7,0,1,0,0,0,0,0,1,0,0,0,0,0
29,1,3,1,3339,1,13,0,10,2,3,7,7,7,7,0,1,0,0,0,1,0,0,0,0,0,0,1
28,1,3,1,2080,0,11,0,5,2,2,3,2,1,2,0,1,0,0,0,0,0,0,0,1,0,0,0
25,1,3,1,2096,0,18,0,2,3,2,2,2,2,1,0,1,0,0,0,0,0,0,0,1,0,0,0
32,1,3,2,6209,0,15,0,10,4,4,10,7,0,8,0,0,1,0,0,0,0,0,0,0,1,0,0
45,2,3,5,18061,0,22,1,22,4,3,0,0,0,0,0,1,0,0,0,0,1,0,0,0,0,0,0
39,1,4,4,17123,1,13,0,21,4,3,19,9,15,2,0,1,0,0,0,0,1,0,0,0,0,0,0
58,1,4,1,2372,0,12,0,2,3,3,2,2,2,2,0,1,0,0,0,0,0,0,0,1,0,0,0
32,1,2,2,4883,0,18,0,10,3,3,10,4,1,1,0,1,0,0,0,1,0,0,0,0,0,0,1
39,1,3,1,3904,0,13,0,6,2,3,5,2,0,3,0,1,0,0,0,0,0,0,0,1,0,0,1
30,1,3,2,4627,0,12,0,10,6,3,9,2,6,7,0,1,0,0,0,1,0,0,0,0,0,0,0
36,1,4,3,7094,0,12,0,10,0,3,7,7,1,7,0,1,0,1,0,0,0,0,0,0,0,0,0
46,1,2,1,3423,0,12,0,10,3,4,7,6,5,7,1,0,0,0,1,0,0,0,0,0,0,0,0
28,0,3,2,6674,0,11,0,10,6,3,9,8,7,5,0,1,0,0,0,1,0,0,0,0,0,0,0
50,1,3,4,16880,1,11,0,25,2,3,3,2,1,2,0,1,0,0,0,0,0,0,1,0,0,0,0
40,1,4,3,9094,1,12,0,9,2,3,5,4,1,0,0,0,1,0,0,0,0,0,0,0,1,0,1
52,1,3,3,8446,1,19,0,10,2,2,8,7,7,7,0,0,1,0,0,0,0,0,0,0,1,0,1
30,1,4,3,11916,1,23,1,9,2,3,9,1,0,8,0,1,0,0,0,0,1,0,0,0,0,0,0
39,1,2,2,4534,0,11,0,9,6,3,8,7,1,7,0,1,0,0,0,0,0,1,0,0,0,0,0
31,0,4,3,9852,1,19,0,10,5,2,10,8,9,6,0,0,1,0,0,0,0,0,0,0,1,0,0
41,0,2,2,6151,0,13,0,19,4,3,19,2,11,9,0,0,1,0,0,0,0,0,0,0,1,0,0
31,2,3,1,2302,1,11,0,3,2,4,3,2,2,2,0,0,1,0,0,0,0,0,0,0,0,1,1
44,1,3,1,2362,0,12,0,10,4,4,3,2,1,2,0,1,0,0,0,1,0,0,0,0,0,0,1
42,0,1,4,17861,1,13,0,21,3,2,20,8,2,10,0,1,0,0,0,0,1,0,0,0,0,0,0
55,1,2,5,19187,0,14,0,23,5,3,19,9,9,11,0,1,0,0,0,0,1,0,0,0,0,0,0
56,1,4,5,19717,0,14,0,36,4,3,7,3,7,7,1,0,0,0,0,0,1,0,0,0,0,0,0
40,0,2,1,3544,0,16,0,6,0,3,4,2,0,0,0,1,0,0,0,0,0,0,0,1,0,0,0
34,1,3,3,8500,0,11,0,10,0,2,9,7,1,6,0,1,0,1,0,0,0,0,0,0,0,0,0
40,1,3,2,4661,0,13,0,9,4,3,9,8,8,8,0,1,0,0,0,0,0,0,0,1,0,0,0
41,2,3,2,4103,0,17,0,10,2,3,9,3,1,7,0,0,1,0,0,0,0,0,0,0,1,0,0
35,2,4,2,4249,1,11,0,9,3,3,9,6,1,1,0,1,0,0,0,0,0,0,0,1,0,0,0
51,1,3,4,14026,1,11,0,33,2,3,33,9,0,10,1,0,0,0,0,0,1,0,0,0,0,0,0
38,1,2,2,6893,0,15,0,11,3,3,7,7,1,7,0,0,1,0,0,0,0,0,0,0,1,0,0
34,1,2,2,6125,0,12,0,10,6,4,10,8,9,6,0,0,1,0,0,0,0,0,0,0,1,0,0
25,1,1,1,3669,0,11,0,7,6,2,3,2,1,2,0,1,0,0,0,1,0,0,0,0,0,0,0
58,1,4,3,10008,1,14,0,31,0,2,10,9,5,9,0,1,0,0,0,0,0,1,0,0,0,0,1
40,1,4,1,2387,0,22,1,7,3,3,4,2,0,3,0,1,0,0,0,1,0,0,0,0,0,0,0
36,2,3,2,4639,0,16,0,17,2,2,15,7,6,13,0,0,1,0,0,0,0,0,0,0,1,0,0
48,1,3,3,7898,0,11,0,11,2,3,10,9,0,8,0,1,0,0,0,0,0,1,0,0,0,0,0
27,1,3,1,2534,0,14,0,5,4,3,1,0,0,0,0,0,1,0,0,0,0,0,0,0,0,1,0
51,1,2,4,13142,0,16,0,29,1,2,5,2,0,3,0,1,0,0,0,0,0,1,0,0,0,0,0
18,0,3,1,1611,0,15,0,0,5,4,0,0,0,0,0,1,0,0,0,1,0,0,0,0,0,0,0
35,1,3,2,5363,0,12,0,10,0,3,9,7,0,0,0,1,0,0,0,1,0,0,0,0,0,0,0
27,2,1,2,5071,0,20,1,8,3,3,6,2,0,0,0,0,1,0,0,0,0,0,0,0,1,0,0
55,1,4,4,13695,1,17,0,24,2,2,19,7,3,8,0,0,1,0,0,0,0,0,0,0,1,0,1
56,1,3,4,13402,1,12,0,33,0,3,19,16,15,9,0,1,0,0,0,0,0,1,0,0,0,0,0
34,0,1,1,2029,0,20,1,5,2,3,5,4,0,0,0,1,0,0,0,0,0,0,0,1,0,0,0
40,1,1,2,6377,0,20,1,15,0,3,12,11,11,8,0,1,0,1,0,0,0,0,0,0,0,0,0
34,1,3,2,5429,0,13,0,10,1,3,8,7,7,7,0,1,0,0,0,1,0,0,0,0,0,0,0
31,2,3,1,2785,0,14,0,3,3,4,1,0,0,0,0,0,1,0,0,0,0,0,0,0,0,1,1
35,2,4,2,4614,1,18,0,5,0,2,4,2,3,2,0,0,1,0,0,0,0,0,0,0,1,0,1
38,2,3,1,2610,0,11,0,4,2,3,4,2,0,3,0,1,0,0,0,0,0,0,0,1,0,0,0
34,1,4,2,6687,0,11,0,14,2,4,14,11,4,11,0,1,0,1,0,0,0,0,0,0,0,0,0
28,1,3,2,4724,0,11,0,5,0,3,5,3,0,4,0,0,1,0,0,0,0,0,0,0,1,0,0
31,1,4,2,6179,1,15,0,10,3,2,10,2,6,7,0,1,0,0,0,0,0,1,0,0,0,0,1
39,1,4,2,6120,1,12,0,8,2,4,5,4,1,4,0,0,1,0,0,0,0,0,0,0,1,0,0
51,2,3,3,10596,0,11,0,14,5,3,4,2,3,2,0,0,1,0,0,0,0,0,0,0,1,0,0
41,2,3,2,5467,1,14,0,12,4,2,6,2,3,3,0,1,0,0,0,0,0,0,0,1,0,0,0
37,1,1,1,2996,1,15,0,8,2,3,6,4,1,3,0,1,0,0,0,0,0,0,0,1,0,0,0
33,2,1,2,9998,0,13,0,8,2,4,5,4,1,2,0,0,1,0,0,0,0,0,0,0,1,0,0
32,1,1,2,4078,1,13,0,4,3,2,3,2,1,2,0,0,1,0,0,0,0,0,0,0,1,0,0
39,0,2,3,10920,0,21,1,13,2,3,6,4,0,5,0,1,0,1,0,0,0,0,0,0,0,0,0
25,1,1,2,6232,0,11,0,6,3,2,3,2,1,2,0,0,1,0,0,0,0,0,0,0,1,0,0
52,2,2,4,13247,1,11,0,24,3,2,5,3,0,2,0,1,0,0,0,0,0,1,0,0,0,0,0
43,1,3,2,4081,1,14,0,20,3,1,20,7,1,8,0,1,0,0,0,0,0,0,0,1,0,0,0
27,1,3,2,5769,1,11,0,6,3,3,6,2,4,4,0,0,1,0,0,0,0,0,0,0,1,0,0
27,1,4,1,2394,1,13,0,8,2,3,8,2,7,7,0,1,0,0,0,0,0,0,0,1,0,0,1
26,1,1,1,3904,0,12,0,5,2,3,4,3,1,1,0,1,0,0,0,0,0,0,0,1,0,0,0
42,1,3,4,16799,0,14,0,21,5,3,20,7,0,9,1,0,0,0,0,0,1,0,0,0,0,0,0
52,1,4,1,2950,0,13,0,12,2,1,5,4,0,4,0,1,0,0,0,1,0,0,0,0,0,0,0
37,1,3,1,3629,0,18,0,8,6,3,3,2,0,2,0,1,0,0,0,1,0,0,0,0,0,0,0
35,2,2,3,9362,0,11,0,10,2,3,2,2,2,2,0,1,0,0,0,0,0,1,0,0,0,0,0
25,1,3,1,3229,0,11,0,7,2,2,3,2,0,2,0,1,0,0,0,1,0,0,0,0,0,0,0
26,1,3,1,3578,0,12,0,8,2,3,7,7,0,7,0,1,0,0,0,1,0,0,0,0,0,0,0
29,1,3,3,7988,0,13,0,10,3,2,10,9,0,9,1,0,0,0,1,0,0,0,0,0,0,0,0
49,2,2,2,4284,0,20,1,20,2,3,4,3,1,3,0,1,0,0,0,1,0,0,0,0,0,0,1
29,2,1,3,7553,1,12,0,9,1,3,8,7,7,7,0,1,0,1,0,0,0,0,0,0,0,0,1
54,1,3,4,17328,0,19,0,29,3,2,20,7,12,7,0,1,0,0,0,0,0,0,1,0,0,0,0
58,1,3,5,19701,1,21,1,32,3,3,9,8,1,5,0,1,0,0,0,0,0,0,1,0,0,0,0
55,1,4,4,14732,0,13,0,31,4,4,7,7,0,0,0,1,0,0,0,0,0,0,1,0,0,0,0
36,1,4,2,9278,1,16,0,15,3,3,5,4,0,1,0,0,1,0,0,0,0,0,0,0,1,0,0
31,2,4,1,1359,0,12,0,1,3,3,1,0,0,0,0,0,1,0,0,0,0,0,0,0,0,1,1
30,1,4,2,4779,0,14,0,8,3,3,3,2,0,2,0,0,1,0,0,0,0,0,0,0,1,0,0
31,1,5,4,16422,0,11,0,9,3,4,3,2,1,0,0,1,0,0,0,0,0,0,1,0,0,0,0
34,2,4,1,2996,0,14,0,10,2,3,4,3,1,3,0,1,0,0,0,0,0,0,0,1,0,0,0
31,1,3,1,1261,0,12,0,1,3,4,1,0,0,0,0,1,0,0,0,0,0,0,0,1,0,0,1
27,1,1,1,2099,0,14,0,6,3,4,5,0,1,4,0,1,0,0,0,1,0,0,0,0,0,0,0
36,1,4,2,5810,0,16,0,10,2,2,10,4,1,8,0,1,0,0,0,1,0,0,0,0,0,0,0
36,1,4,2,5647,0,13,0,11,3,2,3,2,0,2,0,0,1,0,0,0,0,0,0,0,1,0,0
47,1,3,1,3420,0,12,0,17,2,2,6,5,1,2,0,1,0,0,0,0,0,0,0,1,0,0,0
25,1,2,1,4400,0,12,0,6,2,3,3,2,2,2,0,0,1,0,0,0,0,0,0,0,0,1,1
37,0,2,1,3500,0,14,0,7,2,1,6,5,1,3,0,1,0,0,0,1,0,0,0,0,0,0,0
56,1,2,1,2066,0,22,1,5,3,4,3,2,1,0,0,1,0,0,0,0,0,0,0,1,0,0,0
47,1,4,4,17169,0,19,0,26,2,4,20,17,5,6,0,1,0,0,0,0,0,0,1,0,0,0,0
24,1,1,2,4162,1,12,0,5,3,3,5,4,0,3,0,0,1,0,0,0,0,0,0,0,1,0,0
32,1,5,2,9204,0,12,0,7,3,2,4,3,0,3,0,0,1,0,0,0,0,0,0,0,1,0,0
34,1,3,1,3294,0,17,0,7,2,2,5,4,0,2,0,1,0,0,0,1,0,0,0,0,0,0,0
41,1,5,1,2127,1,12,0,7,5,2,4,2,0,3,0,1,0,0,0,0,0,0,0,1,0,0,0
40,0,4,2,3975,0,11,0,11,2,4,8,7,0,7,0,1,0,0,0,1,0,0,0,0,0,0,0
31,1,2,3,10793,0,18,0,13,5,3,13,7,9,9,0,0,1,0,0,0,0,0,0,0,1,0,0
46,1,3,3,10096,0,11,0,28,1,4,7,7,4,3,0,0,1,0,0,0,0,0,0,0,1,0,1
39,0,3,1,3646,1,23,1,11,2,4,1,0,0,0,0,1,0,0,0,1,0,0,0,0,0,0,1
31,2,5,3,7446,0,11,0,10,2,3,10,8,4,7,0,1,0,0,0,0,0,1,0,0,0,0,1
45,1,3,3,10851,1,18,0,24,2,3,7,7,0,7,0,1,0,1,0,0,0,0,0,0,0,0,0
31,1,2,1,2109,0,18,0,8,3,3,3,2,0,2,1,0,0,0,1,0,0,0,0,0,0,0,0
31,2,3,1,3722,1,13,0,7,2,1,2,2,2,2,0,1,0,0,0,1,0,0,0,0,0,0,1
45,1,3,3,9380,1,18,0,10,4,4,3,1,1,2,0,1,0,0,0,0,0,1,0,0,0,0,0
48,1,3,2,5486,0,11,0,15,3,3,2,2,2,2,0,0,1,0,0,0,0,0,0,0,1,0,0
34,1,4,1,2742,0,15,0,2,0,3,2,2,2,2,1,0,0,0,1,0,0,0,0,0,0,0,1
40,0,1,3,13757,0,11,0,16,5,3,9,8,4,8,0,1,0,0,0,0,0,0,1,0,0,0,0
28,1,3,2,8463,0,18,0,6,4,3,5,4,1,3,0,0,1,0,0,0,0,0,0,0,1,0,0
44,0,3,1,3162,0,14,0,7,5,3,5,2,0,3,0,1,0,0,0,1,0,0,0,0,0,0,0
53,1,3,4,16598,0,12,0,35,2,2,9,8,8,8,0,1,0,0,0,0,0,0,1,0,0,0,0
49,1,4,2,6651,0,14,0,20,0,2,3,2,1,2,0,1,0,1,0,0,0,0,0,0,0,0,0
40,1,3,1,2345,0,14,0,8,3,4,3,1,1,2,0,1,0,0,0,0,0,0,0,1,0,0,0
44,1,3,1,3420,0,13,0,6,3,2,5,2,1,3,0,1,0,0,0,0,0,0,0,1,0,0,0
33,2,3,2,4373,0,14,0,5,2,3,4,3,0,3,0,0,1,0,0,0,0,0,0,0,1,0,0
34,1,3,2,4759,0,18,0,15,2,3,13,9,3,12,0,0,1,0,0,0,0,0,0,0,1,0,0
30,1,1,2,5301,0,15,0,4,2,2,2,1,2,2,0,0,1,0,0,0,0,0,0,0,1,0,0
42,2,2,1,3673,0,13,0,12,3,3,12,9,5,8,0,1,0,0,0,1,0,0,0,0,0,0,0
44,2,5,2,4768,0,12,0,11,4,2,1,0,0,0,0,0,1,0,0,0,0,0,0,0,1,0,0
30,0,3,1,1274,0,13,0,1,2,2,1,0,0,0,0,1,0,0,0,0,0,0,0,1,0,0,0
57,1,2,2,4900,0,24,1,13,2,2,12,9,2,8,0,1,0,0,0,0,0,0,0,1,0,0,0
49,1,4,3,10466,0,14,0,29,3,3,8,7,0,7,0,1,0,1,0,0,0,0,0,0,0,0,0
34,2,3,4,17007,0,14,0,16,3,2,14,8,6,9,0,1,0,0,0,0,0,0,1,0,0,0,0
28,2,3,1,2909,0,15,0,5,3,4,3,2,1,2,0,0,1,0,0,0,0,0,0,0,0,1,1
29,2,3,2,5765,0,11,0,7,4,1,5,3,0,0,0,0,1,0,0,0,0,0,0,0,1,0,1
34,1,4,2,4599,1,23,1,16,2,4,15,9,10,10,0,0,1,0,0,0,0,0,0,0,1,0,1
35,1,1,1,2404,0,13,0,1,3,3,1,0,0,0,0,0,1,0,0,0,0,0,0,0,0,1,0
24,2,3,1,3172,1,11,0,4,2,2,0,0,0,0,0,1,0,0,0,1,0,0,0,0,0,0,1
24,0,2,1,2033,0,13,0,1,2,3,1,0,0,0,0,0,1,0,0,0,0,0,0,0,0,1,0
44,2,1,3,10209,1,18,0,16,2,2,2,2,2,2,0,1,0,0,0,0,0,1,0,0,0,0,0
29,1,3,2,8620,0,14,0,10,3,3,10,7,0,4,0,0,1,0,0,0,0,0,0,0,1,0,0
30,1,3,1,2064,0,21,1,6,3,4,5,3,1,3,1,0,0,0,1,0,0,0,0,0,0,0,0
55,1,4,2,4035,1,16,0,4,2,3,3,2,1,2,0,1,0,1,0,0,0,0,0,0,0,0,0
33,1,4,1,3838,0,11,0,8,5,3,5,4,0,2,0,1,0,0,0,1,0,0,0,0,0,0,0
47,1,3,2,4591,1,17,0,11,4,2,5,4,1,2,0,0,1,0,0,0,0,0,0,0,1,0,0
28,2,2,1,2561,0,11,0,8,2,2,0,0,0,0,0,1,0,0,0,1,0,0,0,0,0,0,1
28,1,3,1,1563,0,14,0,1,2,1,1,0,0,0,0,1,0,0,0,0,0,0,0,1,0,0,0
28,2,3,2,4898,0,14,0,5,5,3,4,2,1,3,0,0,1,0,0,0,0,0,0,0,1,0,0
49,1,2,2,4789,0,25,1,10,3,3,3,2,1,2,0,1,0,0,0,1,0,0,0,0,0,0,0
29,2,1,1,3180,0,13,0,4,3,3,3,2,0,2,0,1,0,0,0,1,0,0,0,0,0,0,0
28,1,1,2,6549,0,14,0,8,2,2,8,6,1,7,0,1,0,0,0,0,0,1,0,0,0,0,0
33,1,5,2,6388,1,17,0,14,6,3,0,0,0,0,0,1,0,1,0,0,0,0,0,0,0,0,0
32,1,3,3,11244,0,25,1,10,5,4,5,2,0,0,0,1,0,0,0,0,1,0,0,0,0,0,0
54,2,4,4,16032,0,20,1,26,2,3,14,9,1,12,0,1,0,0,0,0,1,0,0,0,0,0,0
29,1,4,1,2362,0,13,0,11,2,1,9,7,0,7,0,1,0,0,0,0,0,0,0,1,0,0,1
44,1,3,4,16328,0,13,0,24,1,4,20,6,14,17,0,1,0,0,0,0,0,0,1,0,0,0,0
39,1,3,3,8376,0,18,0,9,3,3,2,0,2,2,0,1,0,0,0,0,0,1,0,0,0,0,0
46,1,3,4,16606,0,12,0,23,2,4,13,12,5,1,0,0,1,0,0,0,1,0,0,0,0,0,0
35,1,3,3,8606,0,19,0,11,3,1,11,8,3,3,0,1,0,1,0,0,0,0,0,0,0,0,0
23,1,1,2,2272,0,14,0,5,2,3,4,3,1,2,0,1,0,0,0,1,0,0,0,0,0,0,0
40,1,4,1,2018,0,14,0,15,3,1,5,4,1,0,0,1,0,0,0,1,0,0,0,0,0,0,1
34,1,3,3,7083,1,14,0,10,3,3,10,9,8,6,0,0,1,0,0,0,0,0,0,0,1,0,0
31,2,3,1,4084,0,12,0,7,2,1,7,2,7,7,0,1,0,0,0,0,0,0,0,1,0,0,1
50,2,5,4,14411,1,13,0,32,2,3,32,6,13,9,0,1,0,0,0,0,0,0,1,0,0,0,0
34,1,2,1,2308,1,25,1,12,4,3,11,10,5,7,0,0,1,0,0,0,0,0,0,0,0,1,0
42,1,3,1,4841,0,14,0,4,3,3,1,0,0,0,0,1,0,0,0,1,0,0,0,0,0,0,0
37,1,3,2,4285,0,17,0,10,2,3,10,8,3,7,0,1,0,0,0,0,0,0,0,1,0,0,0
29,1,1,2,9715,0,13,0,9,3,3,7,7,0,7,0,1,0,1,0,0,0,0,0,0,0,0,0
33,1,3,2,4320,0,13,0,5,2,3,5,3,0,2,0,1,0,0,0,0,0,1,0,0,0,0,0
45,1,3,1,2132,0,20,1,8,3,3,5,4,0,3,0,1,0,0,0,0,0,0,0,1,0,0,0
42,2,3,3,10124,1,14,0,24,3,1,20,8,13,9,0,1,0,1,0,0,0,0,0,0,0,0,0
40,1,2,2,5473,0,12,0,9,5,4,8,4,7,1,0,0,1,0,0,0,0,0,0,0,1,0,0
33,1,4,2,5207,1,12,0,15,3,3,15,14,5,7,0,1,0,0,0,1,0,0,0,0,0,0,0
40,1,2,4,16437,1,21,1,21,2,3,21,7,7,7,1,0,0,0,0,0,1,0,0,0,0,0,0
24,1,2,1,2296,0,14,0,2,3,3,1,1,0,0,0,1,0,0,0,1,0,0,0,0,0,0,0
40,0,2,2,4069,1,18,0,8,2,3,2,2,2,2,0,1,0,1,0,0,0,0,0,0,0,0,0
45,1,4,3,7441,0,12,0,10,4,3,10,8,7,7,0,1,0,1,0,0,0,0,0,0,0,0,0
35,1,4,1,2430,0,23,1,6,5,3,5,3,4,2,0,0,1,0,0,0,0,0,0,0,0,1,0
32,1,2,2,5878,0,12,0,12,2,3,7,1,2,5,0,1,0,0,0,0,0,0,0,1,0,0,0
36,1,4,1,2644,1,21,1,7,3,2,3,2,1,2,0,0,1,0,0,0,0,0,0,0,0,1,0
48,1,4,2,6439,0,14,0,18,2,3,8,7,7,7,0,0,1,0,0,0,0,0,0,0,1,0,0
29,1,3,1,2451,0,18,0,5,2,2,1,0,0,0,0,1,0,0,0,0,0,0,0,1,0,0,0
33,1,4,2,6392,0,13,0,8,6,1,2,2,2,2,0,0,1,0,0,0,0,0,0,0,1,0,0
30,1,3,2,9714,0,11,0,10,4,3,10,8,6,7,0,0,1,0,0,0,0,0,0,0,1,0,1
38,2,4,2,6077,0,11,0,10,2,3,6,3,1,2,1,0,0,0,1,0,0,0,0,0,0,0,0
35,1,3,1,2450,0,19,0,3,3,3,3,0,1,2,0,1,0,0,0,1,0,0,0,0,0,0,0
30,1,4,3,9250,0,12,0,9,3,3,4,2,1,3,0,0,1,0,0,0,0,0,0,0,1,0,0
35,1,3,1,2074,1,12,0,1,2,3,1,0,0,0,0,1,0,0,0,1,0,0,0,0,0,0,1
53,1,5,3,10169,0,16,0,34,4,3,33,7,1,9,0,1,0,0,0,0,0,1,0,0,0,0,1
38,1,3,2,4855,0,11,0,7,2,3,5,2,1,4,0,1,0,0,0,0,0,1,0,0,0,0,1
32,0,4,2,4087,0,14,0,9,3,2,6,5,1,2,0,1,0,0,0,0,0,0,0,1,0,0,0
48,1,4,1,2367,0,12,0,10,3,2,8,2,7,6,0,1,0,0,0,0,0,0,0,1,0,0,0
34,1,4,1,2972,0,13,0,1,4,1,1,0,0,0,0,1,0,0,0,0,0,0,0,1,0,0,0
55,1,5,5,19586,0,21,1,36,3,3,36,6,2,13,0,0,1,0,0,0,1,0,0,0,0,0,0
34,1,4,2,5484,0,17,0,9,3,2,2,2,2,1,0,1,0,0,0,0,0,0,0,1,0,0,0
26,1,3,1,2061,0,21,1,1,5,3,1,0,0,0,0,1,0,0,0,0,0,0,0,1,0,0,0
38,1,3,2,9924,0,11,0,10,3,3,9,8,7,7,0,0,1,0,0,0,0,0,0,0,1,0,0
38,1,3,2,4198,0,12,0,8,5,4,3,2,1,2,0,0,1,0,0,0,0,0,0,0,1,0,0
36,1,4,2,6815,0,13,0,15,5,3,1,0,0,0,0,0,1,0,0,0,0,0,0,0,1,0,0
29,1,1,1,4723,1,18,0,10,3,3,10,9,1,5,0,1,0,0,0,1,0,0,0,0,0,0,0
35,1,4,2,6142,1,16,0,10,4,3,5,2,0,4,0,1,0,1,0,0,0,0,0,0,0,0,0
39,1,3,3,8237,0,11,0,11,3,3,7,6,7,6,0,0,1,0,0,0,0,0,0,0,1,0,0
29,2,1,2,8853,0,19,0,6,0,4,6,4,1,3,0,1,0,1,0,0,0,0,0,0,0,0,0
50,1,3,5,19331,1,16,0,27,2,3,1,0,0,0,0,0,1,0,0,0,1,0,0,0,0,0,0
23,1,3,1,2073,0,16,0,4,2,3,2,2,2,2,0,1,0,0,0,0,0,0,0,1,0,0,0
36,2,4,2,5562,1,13,0,9,3,3,3,2,0,2,0,1,0,0,0,1,0,0,0,0,0,0,0
42,1,2,5,19613,0,22,1,24,2,3,1,0,0,1,0,1,0,0,0,0,1,0,0,0,0,0,0
35,1,3,2,3407,0,17,0,10,3,2,10,9,6,8,0,1,0,0,0,1,0,0,0,0,0,0,0
34,2,4,2,5063,0,14,0,8,3,2,8,2,7,7,0,1,0,1,0,0,0,0,0,0,0,0,0
40,1,2,2,4639,0,15,0,5,2,3,5,4,1,2,0,0,1,0,0,0,0,0,0,0,1,0,0
43,1,3,1,4876,0,12,0,8,0,3,6,4,0,2,0,1,0,0,0,1,0,0,0,0,0,0,0
35,1,2,1,2690,0,18,0,1,5,2,1,0,0,1,0,1,0,0,0,1,0,0,0,0,0,0,0
46,1,4,4,17567,0,15,0,27,5,1,26,0,0,12,0,0,1,0,0,0,1,0,0,0,0,0,0
28,1,3,1,2408,1,17,0,1,3,3,1,1,0,0,0,1,0,0,0,1,0,0,0,0,0,0,1
22,0,2,1,2814,1,14,0,4,2,2,4,2,1,3,0,1,0,0,0,0,0,0,0,1,0,0,0
50,2,5,4,11245,1,15,0,32,3,3,30,8,12,13,0,1,0,1,0,0,0,0,0,0,0,0,0
32,1,4,1,3312,0,17,0,6,3,3,3,2,0,2,0,1,0,0,0,0,0,0,0,1,0,0,0
44,1,3,5,19049,1,14,0,23,4,2,22,7,1,10,0,1,0,0,0,0,0,0,1,0,0,0,0
30,1,3,1,2141,0,12,0,6,3,2,6,4,1,1,0,1,0,0,0,0,0,0,0,1,0,0,0
45,1,5,2,5769,1,14,0,10,3,3,10,7,1,4,0,1,0,0,0,1,0,0,0,0,0,0,0
45,0,3,2,4385,0,15,0,10,2,3,10,7,4,5,0,0,1,0,0,0,0,0,0,0,1,0,0
31,2,4,2,5332,0,13,0,10,3,3,5,2,0,3,0,0,1,0,0,0,0,0,0,0,1,0,0
36,1,4,2,4663,1,12,0,7,2,3,3,2,1,1,0,1,0,0,0,0,0,1,0,0,0,0,0
34,2,4,2,4724,0,13,0,9,3,3,9,7,7,2,0,1,0,0,0,0,0,1,0,0,0,0,0
49,1,4,1,3211,0,14,0,10,3,2,9,6,1,4,0,1,0,0,0,1,0,0,0,0,0,0,0
39,1,5,2,5377,0,13,0,10,3,3,7,7,7,7,0,1,0,0,0,0,0,1,0,0,0,0,0
27,1,3,1,4066,0,11,0,7,3,3,7,7,0,7,0,1,0,0,0,1,0,0,0,0,0,0,0
35,1,5,2,5208,0,11,0,16,2,3,16,15,1,10,0,1,0,0,0,0,0,0,0,1,0,0,0
28,1,3,2,4877,0,21,1,6,5,2,5,3,0,0,0,1,0,0,0,0,0,1,0,0,0,0,0
21,1,1,1,3117,0,18,0,3,2,3,2,2,2,2,0,1,0,0,0,0,0,0,0,1,0,0,0
18,2,2,1,1569,1,12,0,0,2,4,0,0,0,0,0,0,1,0,0,0,0,0,0,0,0,1,1
47,1,4,5,19658,0,11,0,27,2,3,5,2,1,0,1,0,0,0,0,0,1,0,0,0,0,0,0
39,1,2,2,3069,0,15,0,11,3,3,10,8,0,7,0,1,0,0,0,1,0,0,0,0,0,0,0
40,1,3,3,10435,0,13,0,18,2,3,18,15,14,12,0,1,0,0,0,0,0,1,0,0,0,0,0
35,0,4,2,4148,0,12,0,15,5,3,14,11,2,9,0,1,0,1,0,0,0,0,0,0,0,0,0
37,1,3,2,5768,0,17,0,9,2,2,4,3,0,2,0,1,0,0,0,0,0,1,0,0,0,0,0
39,2,3,2,5042,0,13,0,10,2,1,9,2,3,8,0,1,0,0,0,0,0,1,0,0,0,0,0
45,1,2,2,5770,0,19,0,10,3,3,10,7,3,9,0,1,0,0,0,0,0,1,0,0,0,0,0
38,1,2,3,7756,1,19,0,10,6,4,5,4,0,2,0,1,0,0,0,0,0,1,0,0,0,0,0
35,1,3,3,10306,0,17,0,15,3,3,13,12,6,0,0,0,1,0,0,0,0,0,0,0,1,0,1
37,1,3,1,3936,0,11,0,8,2,1,8,4,7,7,0,1,0,0,0,0,0,0,0,1,0,0,0
40,1,3,3,7945,1,15,0,18,2,2,4,2,3,3,0,1,0,0,0,0,0,1,0,0,0,0,0
44,2,5,2,5743,1,11,0,14,3,3,10,7,0,2,1,0,0,0,1,0,0,0,0,0,0,0,0
48,2,5,4,15202,0,25,1,23,3,3,2,2,2,2,0,1,0,0,0,0,1,0,0,0,0,0,0
35,1,2,2,5440,1,14,0,7,2,2,2,2,2,2,0,0,1,0,0,0,0,0,0,0,1,0,1
24,2,1,1,3760,1,13,0,6,2,3,6,3,1,3,0,1,0,0,0,0,0,0,0,1,0,0,0
27,1,3,1,3517,0,17,0,5,0,3,3,2,0,2,0,1,0,0,0,0,0,0,0,1,0,0,0
27,2,3,1,2580,0,13,0,6,0,2,4,2,1,2,0,1,0,0,0,0,0,0,0,1,0,0,0
40,1,3,1,2166,1,14,0,10,3,1,4,2,0,3,0,1,0,0,0,1,0,0,0,0,0,0,1
29,1,3,2,5869,0,11,0,8,2,3,5,2,1,4,0,0,1,0,0,0,0,0,0,0,1,0,0
36,1,4,3,8008,0,12,0,9,6,3,3,2,0,2,0,1,0,1,0,0,0,0,0,0,0,0,0
25,2,1,2,5206,0,17,0,7,6,3,7,7,0,7,0,1,0,0,0,0,0,1,0,0,0,0,0
39,1,3,2,5295,0,21,1,7,3,3,5,4,1,0,0,1,0,0,0,0,0,1,0,0,0,0,0
49,1,4,4,16413,0,16,0,27,2,3,4,2,1,2,0,1,0,0,0,0,0,0,1,0,0,0,0
50,1,5,3,13269,0,15,0,19,3,3,14,11,1,11,0,1,0,0,0,0,0,0,1,0,0,0,0
20,1,3,1,2783,0,19,0,2,3,3,2,2,2,2,0,0,1,0,0,0,0,0,0,0,0,1,0
34,1,3,2,5433,0,12,0,11,2,3,11,8,7,9,0,1,0,0,0,0,0,0,0,1,0,0,0
36,1,3,1,2013,0,11,0,15,4,3,4,3,1,3,0,1,0,0,0,1,0,0,0,0,0,0,0
49,1,1,4,13966,1,19,0,30,3,3,15,11,2,12,0,1,0,1,0,0,0,0,0,0,0,0,0
36,0,4,2,4374,0,15,0,4,6,3,3,2,1,2,0,1,0,0,0,0,0,1,0,0,0,0,0
36,1,2,2,6842,0,20,1,13,3,3,5,4,0,4,0,1,0,1,0,0,0,0,0,0,0,0,0
54,1,5,4,17426,0,25,1,36,6,3,10,8,4,7,0,1,0,0,0,0,1,0,0,0,0,0,0
43,1,2,4,17603,0,24,1,14,3,3,14,10,6,11,0,1,0,0,0,0,0,0,1,0,0,0,0
35,2,4,2,4581,1,24,1,13,2,4,11,9,6,7,0,0,1,0,0,0,0,0,0,0,1,0,1
38,2,3,2,4735,0,15,0,19,4,4,13,11,2,9,0,1,0,0,0,0,0,0,0,1,0,0,0
29,1,3,2,4187,1,13,0,10,3,2,10,0,0,9,0,0,1,0,0,0,0,0,0,0,1,0,0
33,1,4,2,5505,0,14,0,6,5,3,6,2,0,4,0,0,1,0,0,0,0,0,0,0,1,0,0
32,1,3,2,5470,0,13,0,10,4,2,9,5,1,6,0,1,0,0,0,0,0,0,0,1,0,0,0
31,1,4,2,5476,0,11,0,10,2,3,10,0,0,2,0,0,1,0,0,0,0,0,0,0,1,0,0
49,1,3,1,2587,1,16,0,17,2,2,2,2,2,2,0,1,0,0,0,1,0,0,0,0,0,0,0
38,2,3,1,2440,0,22,1,4,3,3,4,3,3,3,0,1,0,0,0,1,0,0,0,0,0,0,0
47,1,4,4,15972,0,14,0,29,2,3,3,2,1,2,0,0,1,0,0,0,1,0,0,0,0,0,0
49,1,3,4,15379,0,14,0,23,2,3,8,7,0,0,0,1,0,0,0,0,1,0,0,0,0,0,0
41,1,2,3,7082,1,16,0,21,2,3,2,0,0,2,0,0,1,0,0,0,0,0,0,0,1,0,0
20,1,1,1,2728,0,11,0,2,3,3,2,2,0,2,0,0,1,0,0,0,0,0,0,0,0,1,0
33,0,3,2,5368,1,25,1,7,2,3,6,5,1,2,0,0,1,0,0,0,0,0,0,0,1,0,0
36,1,4,2,5347,0,14,0,10,2,2,3,2,0,2,0,1,0,1,0,0,0,0,0,0,0,0,0
44,1,3,1,3195,1,18,0,8,2,3,2,2,2,2,1,0,0,0,1,0,0,0,0,0,0,0,0
23,1,1,1,3989,1,11,0,5,2,3,5,4,1,2,0,1,0,0,0,1,0,0,0,0,0,0,1
38,1,2,1,3306,0,19,0,7,5,2,0,0,0,0,0,1,0,0,0,1,0,0,0,0,0,0,0
53,1,4,3,7005,0,15,0,11,2,3,4,3,1,2,0,1,0,1,0,0,0,0,0,0,0,0,0
48,2,2,1,2655,1,11,0,19,3,3,9,7,7,7,0,0,1,0,0,0,0,0,0,0,0,1,1
32,1,4,1,1393,0,12,0,1,2,3,1,0,0,0,0,1,0,0,0,1,0,0,0,0,0,0,1
26,0,3,1,2570,0,20,1,7,5,3,7,7,5,7,0,1,0,0,0,1,0,0,0,0,0,0,0
55,1,3,1,3537,0,12,0,8,1,3,4,2,1,2,0,1,0,0,0,0,0,0,0,1,0,0,0
34,1,2,2,3986,0,14,0,15,3,4,15,10,4,13,0,1,0,0,0,1,0,0,0,0,0,0,0
60,1,4,3,10883,0,20,1,19,2,4,1,0,0,0,0,1,0,1,0,0,0,0,0,0,0,0,0
33,1,3,1,2028,0,18,0,14,6,3,14,11,2,13,0,1,0,0,0,1,0,0,0,0,0,0,0
37,2,4,2,9525,0,14,0,6,2,2,6,3,1,3,0,0,1,0,0,0,0,0,0,0,1,0,0
34,1,3,1,2929,0,12,0,10,3,3,10,9,8,7,0,1,0,0,0,0,0,0,0,1,0,0,0
23,1,3,1,2275,1,21,1,3,2,3,3,2,0,2,0,0,1,0,0,0,0,0,0,0,0,1,1
44,1,3,3,7879,1,19,0,9,2,3,8,7,6,7,0,1,0,1,0,0,0,0,0,0,0,0,0
35,2,4,1,4930,1,14,0,6,2,4,5,4,1,4,0,1,0,0,0,0,0,0,0,1,0,0,0
43,1,3,2,7847,1,17,0,10,3,3,10,9,8,8,0,0,1,0,0,0,0,0,0,0,1,0,0
24,1,3,1,4401,0,16,0,5,1,3,5,3,0,4,0,1,0,0,0,0,0,0,0,1,0,0,0
41,1,3,3,9241,0,12,0,10,3,3,10,8,8,7,0,0,1,0,0,0,0,0,0,0,1,0,0
29,1,4,1,2974,0,17,0,9,2,3,5,3,1,2,0,1,0,0,0,1,0,0,0,0,0,0,0
36,1,4,2,4502,0,15,0,17,2,2,13,7,6,7,0,0,1,0,0,0,0,0,0,0,0,1,0
45,0,1,3,10748,0,23,1,25,3,2,23,15,14,4,0,1,0,1,0,0,0,0,0,0,0,0,0
24,1,1,1,1555,0,11,0,1,2,3,1,0,0,0,1,0,0,0,1,0,0,0,0,0,0,0,1
47,2,3,4,12936,0,11,0,25,3,1,23,5,14,10,0,0,1,0,0,0,0,0,0,0,1,0,1
26,1,4,1,2305,0,15,0,3,3,4,3,2,0,2,0,1,0,0,0,1,0,0,0,0,0,0,0
45,1,2,4,16704,0,11,0,21,2,3,21,6,8,6,0,1,0,0,0,0,0,0,1,0,0,0,0
32,2,3,1,3433,0,13,0,10,3,2,5,2,1,3,0,1,0,0,0,0,0,0,0,1,0,0,0
31,1,4,1,3477,0,14,0,6,2,4,5,2,0,3,0,1,0,0,0,1,0,0,0,0,0,0,0
41,0,3,2,6430,0,19,0,10,4,3,3,2,1,2,1,0,0,0,1,0,0,0,0,0,0,0,0
40,1,2,2,6516,1,16,0,18,3,3,1,0,0,0,0,1,0,0,0,0,0,1,0,0,0,0,0
24,1,1,1,3907,0,13,0,6,2,4,6,2,1,2,0,1,0,0,0,1,0,0,0,0,0,0,0
46,1,4,2,5562,0,14,0,19,3,3,10,7,0,9,0,1,0,1,0,0,0,0,0,0,0,0,0
35,1,4,2,6883,0,16,0,17,3,3,7,7,0,7,0,1,0,0,0,0,0,1,0,0,0,0,0
30,1,1,1,2862,0,12,0,10,2,2,10,0,0,8,0,1,0,0,0,0,0,0,0,1,0,0,0
47,0,4,2,4978,0,11,0,4,3,1,1,0,0,0,0,0,1,0,0,0,0,0,0,0,1,0,0
46,1,3,3,10368,1,12,0,13,5,2,10,6,0,3,0,0,1,0,0,0,0,0,0,0,1,0,0
36,1,5,2,6134,1,13,0,16,3,3,2,2,2,2,0,0,1,0,0,0,0,0,0,0,1,0,1
32,1,2,2,6735,0,15,0,10,2,3,0,0,0,0,0,0,1,0,0,0,0,0,0,0,1,0,1
23,1,1,1,3295,0,13,0,3,3,1,3,2,1,2,0,1,0,0,0,1,0,0,0,0,0,0,0
31,2,1,2,5238,0,20,1,9,3,2,5,4,1,4,0,1,0,0,0,0,0,1,0,0,0,0,0
39,0,3,2,6472,1,15,0,9,2,3,9,8,5,8,0,1,0,0,0,1,0,0,0,0,0,0,0
32,1,3,3,9610,0,13,0,10,2,1,4,3,0,2,0,0,1,0,0,0,0,0,0,0,1,0,0
40,1,4,5,19833,0,14,0,21,3,2,21,8,12,8,0,0,1,0,0,0,1,0,0,0,0,0,0
45,1,3,3,9756,0,21,1,9,2,4,5,0,0,3,1,0,0,0,1,0,0,0,0,0,0,0,0
30,2,4,1,4968,0,16,0,10,2,3,9,7,0,7,0,1,0,0,0,0,0,0,0,1,0,0,0
24,2,3,1,2145,0,14,0,3,2,3,2,2,2,1,1,0,0,0,1,0,0,0,0,0,0,0,0
30,2,3,1,2180,0,11,0,6,0,2,4,2,1,2,1,0,0,0,1,0,0,0,0,0,0,0,1
31,1,3,2,8346,0,19,0,6,3,3,5,2,0,2,0,0,1,0,0,0,0,0,0,0,1,0,0
27,1,3,1,3445,0,11,0,6,5,2,6,2,1,4,0,1,0,0,0,0,0,0,0,1,0,0,0
29,1,3,1,2760,0,13,0,2,3,3,2,2,2,2,0,0,1,0,0,0,0,0,0,0,0,1,1
29,2,3,2,6294,1,12,0,10,5,4,3,2,0,2,0,1,0,1,0,0,0,0,0,0,0,0,0
30,1,2,3,7140,0,11,0,12,2,3,7,7,1,7,0,0,1,0,0,0,0,0,0,0,1,0,0
34,1,4,1,2932,1,14,0,6,3,3,5,0,1,2,0,1,0,0,0,0,0,0,0,1,0,0,0
33,0,3,2,5147,0,15,0,13,2,2,11,7,1,7,0,0,1,0,0,0,0,0,0,0,1,0,0
49,1,4,2,4507,0,12,0,8,1,4,5,1,0,4,0,0,1,0,0,0,0,0,0,0,1,0,0
33,1,3,3,8564,1,20,1,11,2,2,0,0,0,0,0,0,1,0,0,0,0,0,0,0,1,0,1
38,2,2,1,2468,0,14,0,9,4,2,6,1,0,5,0,1,0,0,0,1,0,0,0,0,0,0,0
31,1,4,3,8161,0,13,0,10,2,3,1,0,0,0,0,0,1,0,0,0,0,0,0,0,1,0,1
29,1,3,1,2109,0,13,0,1,2,3,1,0,0,0,0,1,0,0,0,0,0,0,0,1,0,0,0
30,1,3,2,5294,0,16,0,10,3,3,7,0,1,7,0,1,0,1,0,0,0,0,0,0,0,0,0
32,0,4,1,2718,0,14,0,12,3,3,7,7,0,7,0,1,0,0,0,0,0,0,0,1,0,0,0
38,1,3,2,5811,1,16,0,15,2,3,1,0,1,0,0,1,0,1,0,0,0,0,0,0,0,0,0
43,2,3,1,2437,1,16,0,6,4,3,1,0,0,0,0,1,0,0,0,0,0,0,0,1,0,0,1
42,1,3,1,2766,0,22,1,7,6,2,5,3,0,4,0,1,0,0,0,1,0,0,0,0,0,0,0
55,1,3,5,19038,0,12,0,34,2,3,1,0,0,0,0,1,0,0,0,0,0,0,1,0,0,0,0
33,0,3,2,3055,0,15,0,11,2,2,9,8,1,7,0,1,0,0,0,0,0,0,0,1,0,0,0
41,1,4,1,2289,0,20,1,5,2,3,5,3,0,4,0,1,0,0,0,1,0,0,0,0,0,0,0
34,0,3,2,4001,1,14,0,15,3,3,15,14,0,7,0,0,1,0,0,0,0,0,0,0,1,0,0
53,0,4,4,12965,1,20,1,27,2,2,3,2,0,2,0,1,0,0,0,0,0,1,0,0,0,0,0
43,1,3,1,3539,0,13,0,10,5,3,9,7,1,8,1,0,0,0,1,0,0,0,0,0,0,0,0
34,1,2,2,6029,0,12,0,6,3,3,2,2,2,2,0,0,1,0,0,0,0,0,0,0,1,0,0
21,1,1,1,2679,0,13,0,1,3,3,1,0,1,0,0,0,1,0,0,0,0,0,0,0,0,1,1
38,1,2,1,3702,0,11,0,5,3,3,5,4,0,4,0,1,0,0,0,1,0,0,0,0,0,0,0
22,1,1,1,2398,1,17,0,1,6,3,1,0,0,0,0,1,0,0,0,1,0,0,0,0,0,0,1
31,1,4,2,5468,0,14,0,13,3,3,12,7,5,7,0,0,1,0,0,0,0,0,0,0,1,0,0
51,1,3,3,13116,0,11,0,15,2,3,2,2,2,2,0,1,0,0,0,0,1,0,0,0,0,0,0
37,1,2,2,4189,0,14,0,5,2,3,5,2,0,3,0,0,1,0,0,0,0,0,0,0,1,0,0
46,1,4,5,19328,1,17,0,24,3,3,2,1,2,2,0,1,0,0,0,0,0,0,1,0,0,0,0
36,1,3,3,8321,1,13,0,15,1,3,12,8,5,7,0,1,0,1,0,0,0,0,0,0,0,0,0
44,2,2,1,2342,1,12,0,6,2,2,5,3,2,3,0,1,0,0,0,0,0,0,0,1,0,0,1
37,1,2,2,4071,0,13,0,19,4,2,10,0,4,7,1,0,0,0,1,0,0,0,0,0,0,0,0
35,1,3,2,5813,1,18,0,10,2,3,10,7,7,7,0,0,1,0,0,0,0,0,0,0,1,0,1
33,1,4,1,3143,0,19,0,14,1,3,10,8,7,6,0,1,0,0,0,0,0,0,0,1,0,0,0
28,1,3,1,2044,0,11,0,5,6,4,5,3,0,3,0,1,0,0,0,0,0,0,0,1,0,0,0
39,1,1,3,13464,0,21,1,9,3,3,4,3,2,2,0,1,0,0,0,0,0,0,1,0,0,0,0
46,0,2,2,7991,0,15,0,6,3,3,2,2,2,2,0,0,1,0,0,0,0,0,0,0,1,0,0
40,1,2,1,3377,0,17,0,7,5,2,4,3,0,2,0,1,0,0,0,1,0,0,0,0,0,0,0
42,1,3,2,5538,0,18,0,10,2,2,0,0,0,0,0,1,0,1,0,0,0,0,0,0,0,0,0
35,0,2,2,5762,0,14,0,15,6,3,7,7,1,7,0,1,0,0,0,0,0,1,0,0,0,0,0
38,0,3,1,2592,0,13,0,13,3,3,11,10,3,8,1,0,0,0,1,0,0,0,0,0,0,0,0
34,2,4,2,5346,0,17,0,11,3,2,7,1,0,7,0,1,0,0,0,1,0,0,0,0,0,0,1
37,1,4,2,4213,0,15,0,10,4,1,10,3,0,8,0,1,0,0,0,0,0,1,0,0,0,0,1
39,2,3,2,4127,0,18,0,7,6,3,2,1,2,2,0,0,1,0,0,0,0,0,0,0,1,0,0
43,0,3,1,2438,0,13,0,7,2,2,3,2,1,2,0,1,0,0,0,0,0,0,0,1,0,0,0
41,1,3,2,6870,0,12,0,11,3,1,3,2,1,2,0,1,0,1,0,0,0,0,0,0,0,0,0
41,1,1,3,10447,1,13,0,23,3,4,22,14,13,5,0,0,1,0,0,0,0,0,0,0,1,0,0
30,1,3,3,9667,0,14,0,9,3,3,7,7,0,2,0,1,0,0,0,0,0,1,0,0,0,0,0
26,1,2,1,2148,1,11,0,6,3,3,5,1,1,4,1,0,0,0,1,0,0,0,0,0,0,0,1
46,1,2,2,8926,0,22,1,13,2,4,9,7,3,7,0,1,0,1,0,0,0,0,0,0,0,0,1
40,1,3,2,6513,0,17,0,12,3,3,5,3,0,3,0,1,0,1,0,0,0,0,0,0,0,0,0
34,1,2,2,6799,0,21,1,10,5,3,10,8,4,8,0,0,1,0,0,0,0,0,0,0,1,0,0
58,0,3,4,16291,0,22,1,37,0,2,16,9,14,14,0,0,1,0,0,0,1,0,0,0,0,0,0
35,1,4,1,2705,0,16,0,6,2,4,5,4,0,3,0,1,0,0,0,1,0,0,0,0,0,0,0
47,1,3,3,10333,1,12,0,28,4,3,22,11,14,10,0,1,0,0,0,0,0,1,0,0,0,0,0
40,1,3,2,4448,0,12,0,15,3,3,7,4,7,7,0,1,0,1,0,0,0,0,0,0,0,0,0
54,1,4,2,6854,0,15,0,14,2,2,7,1,1,7,0,1,0,0,0,0,0,0,0,1,0,0,0
31,2,4,3,9637,0,14,0,9,3,3,3,2,2,2,0,0,1,0,0,0,0,0,0,0,1,0,0
28,1,3,1,3591,0,25,1,3,3,3,3,2,1,2,0,1,0,0,0,0,0,0,0,1,0,0,0
38,1,4,2,5405,1,20,1,20,4,2,4,2,0,3,0,0,1,0,0,0,0,0,0,0,0,1,0
26,1,3,2,4684,0,13,0,5,4,3,5,3,1,2,0,0,1,0,0,0,0,0,0,0,1,0,0
58,2,4,4,15787,1,14,0,23,3,3,2,2,2,2,0,1,0,0,0,0,0,0,1,0,0,0,0
18,0,3,1,1514,0,16,0,0,4,1,0,0,0,0,0,1,0,0,0,0,0,0,0,1,0,0,0
31,1,5,1,2956,0,17,0,2,4,3,1,0,0,0,1,0,0,0,1,0,0,0,0,0,0,0,1
29,1,3,1,2335,1,15,0,4,3,3,2,2,2,0,1,0,0,0,1,0,0,0,0,0,0,0,1
45,0,4,2,5154,0,22,1,10,3,4,8,7,5,7,0,0,1,0,0,0,0,0,0,0,1,0,0
36,1,4,2,6962,1,22,1,15,2,3,1,0,0,0,0,1,0,0,0,0,0,0,0,1,0,0,0
43,2,4,2,5675,0,20,1,7,5,3,7,7,7,7,0,0,1,0,0,0,0,0,0,0,1,0,0
27,2,2,1,2379,1,14,0,6,3,2,5,4,0,2,0,1,0,0,0,1,0,0,0,0,0,0,0
29,2,1,1,3812,0,13,0,11,3,4,11,8,3,10,0,1,0,0,0,1,0,0,0,0,0,0,0
32,2,4,2,4648,0,13,0,4,2,4,0,0,0,0,0,0,1,0,0,0,0,0,0,0,1,0,0
42,0,4,1,2936,0,22,1,10,1,2,6,3,3,3,0,1,0,0,0,0,0,0,0,1,0,0,0
47,1,4,1,2105,0,12,0,7,2,3,2,2,2,0,0,1,0,0,0,1,0,0,0,0,0,0,0
46,1,2,3,8578,0,14,0,12,4,2,9,8,4,7,0,1,0,0,0,0,0,1,0,0,0,0,0
28,0,2,1,2706,0,15,0,3,2,3,3,2,2,2,1,0,0,0,1,0,0,0,0,0,0,0,0
29,1,1,2,6384,0,17,0,11,3,3,7,0,1,6,0,1,0,1,0,0,0,0,0,0,0,0,0
42,1,3,1,3968,0,13,0,8,3,3,0,0,0,0,0,1,0,0,0,1,0,0,0,0,0,0,0
32,1,4,2,9907,1,12,0,7,3,2,2,2,2,2,0,0,1,0,0,0,0,0,0,0,1,0,1
46,1,3,4,13225,0,12,0,25,5,3,19,17,2,8,0,0,1,0,0,0,0,0,0,0,1,0,0
27,1,1,2,3540,0,21,1,9,5,3,9,8,5,8,0,0,1,0,0,0,0,0,0,0,0,1,0
29,1,1,1,2804,0,11,0,1,3,3,1,0,0,0,1,0,0,0,1,0,0,0,0,0,0,0,0
43,1,3,5,19392,0,13,0,21,2,3,16,12,6,14,0,1,0,0,0,0,1,0,0,0,0,0,0
48,1,3,5,19665,0,12,0,29,3,3,22,10,12,9,0,1,0,0,0,0,0,0,1,0,0,0,0
29,2,2,1,2439,1,24,1,1,3,2,1,0,1,0,0,1,0,0,0,0,0,0,0,1,0,0,1
46,1,3,3,7314,0,21,1,14,2,3,8,7,0,7,0,0,1,0,0,0,0,0,0,0,1,0,1
27,2,3,1,4774,0,19,0,8,2,2,7,6,7,3,0,1,0,0,0,0,0,0,0,1,0,0,0
39,1,4,2,3902,0,14,0,7,2,3,2,2,2,2,0,1,0,0,0,0,0,0,0,1,0,0,0
55,1,4,1,2662,0,20,1,19,2,4,5,2,0,4,0,1,0,0,0,0,0,0,0,1,0,0,0
28,1,3,1,2856,0,19,0,1,3,3,1,0,0,0,0,0,1,0,0,0,0,0,0,0,0,1,0
30,1,3,1,1081,0,13,0,1,3,2,1,0,0,0,0,0,1,0,0,0,0,0,0,0,0,1,1
22,1,1,1,2472,1,23,1,1,2,3,1,0,0,0,0,1,0,0,0,0,0,0,0,1,0,0,1
36,1,4,2,5673,1,13,0,10,4,3,10,9,1,7,0,0,1,0,0,0,0,0,0,0,1,0,0
31,1,3,2,4197,0,11,0,10,2,3,10,8,0,2,0,1,0,0,0,1,0,0,0,0,0,0,0
34,1,3,3,9713,1,13,0,9,3,3,5,3,1,0,0,0,1,0,0,0,0,0,0,0,1,0,0
29,1,3,1,2062,0,14,0,11,2,3,3,2,1,2,0,1,0,0,0,1,0,0,0,0,0,0,0
37,1,4,2,4284,1,22,1,16,2,3,5,3,0,4,0,1,0,0,0,0,0,0,0,1,0,0,0
35,1,2,2,4788,1,11,0,4,2,3,3,2,0,2,0,1,0,0,0,0,0,1,0,0,0,0,0
45,1,2,2,5906,0,13,0,10,2,2,9,8,3,8,0,1,0,0,0,0,0,1,0,0,0,0,0
36,2,1,2,3886,0,21,1,10,2,2,10,1,0,8,1,0,0,0,1,0,0,0,0,0,0,0,0
40,1,4,4,16823,0,11,0,22,3,3,19,7,11,16,0,1,0,0,0,0,1,0,0,0,0,0,0
26,1,2,1,2933,1,13,0,1,3,2,1,0,1,0,0,1,0,0,0,0,0,0,0,1,0,0,0
27,1,2,2,6500,0,14,0,9,5,2,8,7,0,7,0,0,1,0,0,0,0,0,0,0,1,0,0
48,2,3,4,17174,0,11,0,24,3,3,22,17,4,7,0,1,0,0,0,0,1,0,0,0,0,0,0
44,1,4,2,5033,0,15,0,10,5,3,2,0,2,2,0,1,0,1,0,0,0,0,0,0,0,0,0
34,0,4,1,2307,1,23,1,5,2,3,5,2,3,0,0,1,0,0,0,0,0,0,0,1,0,0,1
56,1,2,1,2587,0,16,0,5,3,3,4,2,1,0,0,1,0,0,0,1,0,0,0,0,0,0,1
36,1,2,2,5507,0,16,0,12,1,1,4,2,1,3,0,0,1,0,0,0,0,0,0,0,1,0,0
41,1,3,2,4393,0,21,1,14,3,3,5,4,1,4,0,0,1,0,0,0,0,0,0,0,1,0,0
42,1,3,3,13348,0,13,0,18,3,4,13,7,5,7,0,1,0,0,0,0,0,0,1,0,0,0,0
31,1,2,2,6583,1,11,0,8,2,3,5,2,1,4,0,0,1,0,0,0,0,0,0,0,1,0,0
34,1,1,2,8103,1,12,0,9,3,2,4,2,0,1,0,0,1,0,0,0,0,0,0,0,1,0,0
31,1,3,1,3978,0,12,0,4,0,2,2,2,2,2,0,1,0,0,0,1,0,0,0,0,0,0,0
26,2,3,1,2544,0,18,0,8,3,3,7,7,7,7,0,1,0,0,0,1,0,0,0,0,0,0,0
45,2,4,2,5399,0,12,0,12,3,3,4,2,0,3,0,1,0,1,0,0,0,0,0,0,0,0,0
33,1,4,2,5487,0,14,0,10,2,2,10,4,0,9,0,0,1,0,0,0,0,0,0,0,1,0,0
28,2,2,2,6834,1,12,0,7,2,3,7,7,0,7,0,0,1,0,0,0,0,0,0,0,1,0,0
29,2,3,1,1091,0,17,0,1,3,3,1,0,0,0,0,0,1,0,0,0,0,0,0,0,0,1,1
39,0,4,2,5736,0,19,0,10,1,3,3,2,1,2,0,0,1,0,0,0,0,0,0,0,1,0,0
27,1,4,1,2226,0,11,0,6,3,2,5,3,1,2,0,1,0,0,0,0,0,0,0,1,0,0,0
34,2,4,2,5747,1,15,0,16,3,3,15,10,6,11,0,1,0,0,0,0,0,0,0,1,0,0,0
28,1,2,2,9854,1,11,0,6,0,3,2,0,2,2,0,0,1,0,0,0,0,0,0,0,1,0,1
47,0,4,2,5467,0,18,0,16,4,4,8,7,1,7,0,1,0,0,0,0,0,0,0,1,0,0,0
56,1,5,2,5380,0,16,0,6,3,3,0,0,0,0,0,0,1,0,0,0,0,0,0,0,1,0,0
39,1,2,2,5151,0,25,1,10,3,3,10,0,7,9,0,1,0,0,0,0,0,1,0,0,0,0,0
38,2,3,2,2133,1,16,0,20,3,3,20,11,0,7,0,1,0,0,0,0,0,0,0,1,0,0,0
58,1,3,4,17875,1,13,0,29,2,2,1,0,0,0,0,0,1,0,0,0,1,0,0,0,0,0,0
32,2,2,1,2432,1,14,0,8,2,3,4,1,0,3,0,1,0,0,0,0,0,0,0,1,0,0,1
38,1,2,1,4771,0,19,0,10,0,4,5,2,0,3,0,1,0,0,0,0,0,0,0,1,0,0,0
49,2,1,5,19161,0,15,0,28,3,3,5,4,4,3,0,1,0,0,0,0,0,0,1,0,0,0,0
42,1,4,2,5087,1,12,0,14,4,3,0,0,0,0,0,0,1,0,0,0,0,0,0,0,1,0,0
27,2,3,1,2863,0,12,0,1,2,3,1,0,0,0,1,0,0,0,1,0,0,0,0,0,0,0,1
35,1,4,2,5561,0,16,0,6,2,1,5,3,0,4,0,0,1,0,0,0,0,0,0,0,1,0,0
28,0,3,1,2144,0,14,0,5,3,2,5,3,1,4,0,1,0,0,0,0,0,0,0,1,0,0,0
31,0,2,1,3065,1,13,0,4,3,4,4,2,2,3,0,1,0,0,0,0,0,0,0,1,0,0,0
36,0,4,1,2810,0,22,1,5,3,3,5,4,0,2,0,1,0,0,0,1,0,0,0,0,0,0,0
34,1,3,3,9888,0,21,1,14,3,2,14,8,2,1,0,0,1,0,0,0,0,0,0,0,1,0,0
34,1,4,3,8628,0,18,0,9,2,2,8,7,1,1,0,0,1,0,0,0,0,0,0,0,1,0,0
26,1,3,1,2867,0,13,0,8,6,2,7,7,7,6,0,1,0,0,0,1,0,0,0,0,0,0,0
29,1,3,2,5373,0,12,0,6,5,2,5,3,0,2,0,1,0,1,0,0,0,0,0,0,0,0,0
32,0,4,2,6667,0,18,0,9,6,3,5,1,1,2,0,1,0,1,0,0,0,0,0,0,0,0,0
31,2,3,2,5003,0,21,1,10,6,3,10,8,8,7,0,1,0,0,0,0,0,0,0,1,0,0,0
28,1,3,1,2367,0,12,0,6,2,2,4,1,0,3,0,1,0,0,0,1,0,0,0,0,0,0,1
38,1,3,1,2858,0,14,0,20,3,2,1,0,0,0,0,0,1,0,0,0,0,0,0,0,0,1,0
35,1,4,2,5204,1,11,0,10,2,3,10,8,0,9,0,0,1,0,0,0,0,0,0,0,1,0,0
27,1,3,2,4105,0,14,0,7,5,3,7,7,0,7,0,0,1,0,0,0,0,0,0,0,1,0,0
32,1,4,2,9679,0,24,1,8,1,3,1,0,0,0,0,1,0,0,0,0,0,1,0,0,0,0,0
31,2,4,2,5617,1,11,0,10,4,3,10,7,0,8,0,0,1,0,0,0,0,0,0,0,1,0,1
53,1,4,3,10448,1,13,0,15,2,2,2,2,2,2,0,0,1,0,0,0,0,0,0,0,1,0,1
54,1,2,2,2897,0,11,0,9,6,2,4,3,2,3,0,1,0,0,0,0,0,0,0,1,0,0,0
33,2,2,2,5968,0,20,1,9,2,3,9,7,2,8,0,1,0,1,0,0,0,0,0,0,0,0,0
43,1,3,3,7510,0,17,0,10,1,3,10,9,0,9,0,1,0,1,0,0,0,0,0,0,0,0,0
38,2,4,1,2991,1,11,0,7,2,3,6,2,1,2,1,0,0,0,1,0,0,0,0,0,0,0,0
55,1,4,5,19636,1,18,0,35,0,3,10,9,1,4,1,0,0,0,0,0,1,0,0,0,0,0,0
31,1,1,1,1129,1,11,0,1,4,3,1,0,0,0,0,1,0,0,0,1,0,0,0,0,0,0,0
39,1,4,4,13341,0,12,0,21,3,3,20,8,11,10,0,0,1,0,0,0,0,0,0,0,1,0,0
42,0,2,2,4332,0,12,0,20,2,3,20,9,3,7,0,1,0,0,0,0,0,0,0,1,0,0,0
31,0,3,3,11031,0,20,1,13,2,4,11,7,4,8,0,1,0,0,0,0,0,0,1,0,0,0,0
54,1,3,2,4440,1,19,0,9,3,3,5,2,1,4,0,1,0,0,0,0,0,1,0,0,0,0,0
24,1,2,2,4617,0,12,0,4,2,2,4,3,1,2,0,1,0,1,0,0,0,0,0,0,0,0,0
23,1,2,1,2647,0,13,0,5,6,4,5,2,1,4,0,1,0,0,0,1,0,0,0,0,0,0,0
40,2,3,2,6323,0,11,0,10,2,4,10,9,9,4,0,1,0,0,0,1,0,0,0,0,0,0,0
40,1,2,2,5677,0,14,0,15,4,3,11,8,5,10,0,0,1,0,0,0,0,0,0,0,1,0,0
25,1,3,1,2187,0,14,0,6,3,3,2,0,1,2,1,0,0,0,1,0,0,0,0,0,0,0,0
30,1,2,1,3748,0,13,0,12,6,2,12,8,1,7,0,1,0,0,0,1,0,0,0,0,0,0,0
25,1,1,1,3977,1,19,0,7,2,2,2,2,0,2,0,1,0,0,0,1,0,0,0,0,0,0,0
47,1,3,3,8633,0,23,1,25,3,3,17,14,12,11,0,1,0,1,0,0,0,0,0,0,0,0,0
33,0,2,1,2008,0,12,0,1,2,2,1,1,0,0,0,1,0,0,0,1,0,0,0,0,0,0,0
38,1,4,2,4440,0,15,0,16,3,3,15,13,5,8,0,0,1,0,0,0,0,0,0,0,1,0,0
31,1,2,1,3067,0,19,0,3,1,3,2,2,1,2,0,0,1,0,0,0,0,0,0,0,0,1,0
38,2,4,2,5321,0,11,0,10,1,3,8,3,7,7,0,1,0,0,0,0,0,1,0,0,0,0,0
42,1,4,2,5410,1,17,0,9,3,2,4,3,1,2,0,1,0,0,0,0,0,0,0,1,0,0,0
41,1,3,1,2782,0,22,1,12,3,3,5,3,1,0,0,1,0,0,0,0,0,0,0,1,0,0,0
47,0,1,3,11957,0,18,0,14,3,1,13,8,5,12,0,1,0,0,0,0,0,0,1,0,0,0,0
35,1,4,1,2660,1,11,0,5,3,3,2,2,2,2,0,1,0,0,0,1,0,0,0,0,0,0,0
22,1,2,1,3375,0,12,0,4,2,4,3,2,1,2,0,1,0,0,0,0,0,0,0,1,0,0,0
35,1,4,2,5098,0,19,0,10,5,3,10,7,0,8,0,1,0,0,0,0,0,0,0,1,0,0,0
33,1,2,2,4878,1,13,0,10,6,3,9,7,8,1,0,1,0,1,0,0,0,0,0,0,0,0,0
32,1,4,1,2837,0,13,0,6,3,3,6,2,4,1,0,1,0,0,0,1,0,0,0,0,0,0,0
40,1,4,1,2406,0,19,0,8,3,2,1,0,0,0,0,1,0,0,0,1,0,0,0,0,0,0,0
32,1,4,1,2269,0,14,0,3,2,3,2,2,2,2,0,0,1,0,0,0,0,0,0,0,0,1,0
39,1,1,2,4108,0,13,0,18,2,3,7,7,1,7,0,1,0,0,0,0,0,0,0,1,0,0,0
38,1,3,3,13206,0,12,0,20,3,3,18,16,1,11,0,1,0,0,0,0,0,0,1,0,0,0,0
32,1,4,3,10422,0,19,0,14,3,3,14,10,5,7,0,0,1,0,0,0,0,0,0,0,1,0,0
37,1,3,3,13744,1,25,1,16,2,3,16,11,6,8,0,1,0,0,0,0,0,0,1,0,0,0,0
25,1,2,2,4907,1,22,1,6,3,2,5,3,0,4,0,0,1,0,0,0,0,0,0,0,1,0,0
52,0,4,1,3482,0,15,0,16,3,2,9,8,0,0,0,0,1,0,0,0,0,0,0,0,0,1,0
44,1,3,1,2436,1,12,0,6,2,3,4,3,1,2,0,1,0,0,0,0,0,0,0,1,0,0,0
21,1,1,1,2380,1,11,0,2,6,3,2,2,1,2,0,0,1,0,0,0,0,0,0,0,0,1,0
39,0,3,5,19431,0,13,0,21,3,2,6,0,1,3,0,1,0,0,0,0,1,0,0,0,0,0,0
23,2,3,1,1790,0,19,0,1,3,2,1,0,1,0,0,0,1,0,0,0,0,0,0,0,0,1,1
36,1,3,3,7644,0,19,0,10,2,3,9,7,3,4,0,0,1,0,0,0,0,0,0,0,1,0,0
36,2,2,2,5131,0,13,0,18,3,3,4,2,0,2,0,1,0,0,0,0,0,1,0,0,0,0,0
56,0,4,2,6306,0,21,1,13,2,2,13,12,1,9,0,1,0,1,0,0,0,0,0,0,0,0,0
29,1,4,1,4787,1,14,0,4,3,4,2,2,2,2,0,1,0,0,0,0,0,0,0,1,0,0,1
42,1,3,5,18880,0,11,0,24,2,2,22,6,4,14,0,1,0,0,0,0,1,0,0,0,0,0,0
56,1,2,1,2339,0,11,0,14,4,1,10,9,9,8,0,1,0,0,0,1,0,0,0,0,0,0,1
41,1,4,4,13570,0,23,1,21,3,3,20,7,0,10,0,1,0,0,0,0,0,1,0,0,0,0,0
34,1,3,2,6712,0,21,1,8,2,3,8,7,1,7,0,0,1,0,0,0,0,0,0,0,1,0,0
36,0,4,2,5406,0,24,1,15,4,2,15,12,11,11,0,0,1,0,0,0,0,0,0,0,1,0,0
41,1,3,2,8938,0,11,0,14,5,3,5,4,0,4,0,0,1,0,0,0,0,0,0,0,1,0,0
32,1,3,1,2439,0,14,0,4,4,3,4,2,1,2,0,1,0,0,0,0,0,0,0,1,0,0,0
35,1,4,3,8837,1,16,0,9,2,3,9,0,1,7,1,0,0,0,1,0,0,0,0,0,0,0,0
38,1,2,2,5343,0,11,0,10,1,3,10,7,1,9,0,0,1,0,0,0,0,0,0,0,1,0,0
50,2,4,2,6728,0,12,0,12,3,3,6,3,0,1,0,0,1,0,0,0,0,0,0,0,1,0,1
36,1,4,2,6652,0,13,0,8,2,2,6,3,0,0,0,0,1,0,0,0,0,0,0,0,1,0,0
45,1,3,2,4850,0,15,0,8,3,3,5,3,0,1,0,0,1,0,0,0,0,0,0,0,1,0,0
40,1,4,1,2809,0,14,0,8,2,3,2,2,2,2,0,1,0,0,0,0,0,0,0,1,0,0,0
35,2,4,2,5689,1,14,0,10,2,4,10,2,0,2,0,1,0,1,0,0,0,0,0,0,0,0,0
40,1,4,1,2001,0,14,0,20,2,3,5,3,0,2,0,1,0,0,0,0,0,0,0,1,0,0,0
35,1,4,1,2977,0,12,0,4,5,3,4,3,1,1,0,1,0,0,0,0,0,0,0,1,0,0,0
29,1,2,2,4025,1,13,0,10,2,3,4,3,0,3,0,1,0,0,0,1,0,0,0,0,0,0,0
29,1,4,1,3785,0,14,0,5,3,1,5,4,0,4,0,1,0,0,0,0,0,0,0,1,0,0,0
50,1,3,3,10854,1,13,0,20,3,3,3,2,2,0,0,0,1,0,0,0,0,0,0,0,1,0,1
39,1,1,4,12031,0,11,0,21,2,2,20,9,9,6,0,0,1,0,0,0,0,0,0,0,1,0,0
31,0,3,2,9936,0,19,0,10,2,3,9,4,1,7,0,1,0,0,0,0,0,1,0,0,0,0,0
26,1,3,1,2966,0,18,0,5,2,3,4,2,0,0,0,0,1,0,0,0,0,0,0,0,0,1,0
36,2,2,2,2571,0,17,0,17,3,3,5,2,0,3,0,1,0,0,0,1,0,0,0,0,0,0,0
39,1,1,3,9991,0,15,0,9,5,3,7,7,1,7,0,1,0,1,0,0,0,0,0,0,0,0,0
27,1,3,2,6142,1,20,1,6,0,3,6,2,0,3,0,1,0,0,0,0,0,1,0,0,0,0,0
49,2,3,2,5390,0,14,0,17,3,2,9,6,0,8,0,0,1,0,0,0,0,0,0,0,1,0,0
34,1,3,2,4404,0,12,0,6,3,4,4,3,1,2,0,1,0,0,0,1,0,0,0,0,0,0,0
